Timestamp,How do you plan to use your Author Portfolio Website?,Which features are MOST important for Author Portfolio Website?
28/02/2026 22:23:55,To share it with friends and family and to submit it to potential career clients ,"Easy access, smooth pages and highlighting my works"
28/02/2026 22:24:10," I plan to use my Author Portfolio Website to showcase my published works, poems, and writings in a professional way. It will help me build my identity as an author, connect with readers, and share my creative journey. I also want to use it to highlight my achievements, collaborations, and future projects, and to create a strong online presence.","The most important features are a clean and professional design, easy upload and display of my writings, author bio section, published works showcase, and contact options. I also value features like customization, reader engagement (comments or feedback), social media integration, and analytics to track profile visits. Easy editing and mobile-friendly design are also very important."
28/02/2026 22:24:19,Well I am just gonna use it as my interactive window or we can say my portfolio typos ig that's what website are for and also a way to interact with me ,Okay almost all features are there but if it can add a section on how to contact them I would love cause many people doesn't care much about reading everything  and it helps to contact easily also other than that just waiting for the books to be in my hand please dispatch it as soon as you can 😭😭
28/02/2026 22:25:24,"I plan to use my Author Portfolio Website as more than just a showcase. I want it to be my professional literary identity. A space where event curators, publishers, brands, and collaborators can understand my voice, my themes, and my growth instantly. I want to use it to host my best work in a structured way, track my journey as an author, and position myself for opportunities like paid gigs, book deals, speaking events, and collaborations. It should help me move beyond social media validation and build long-term credibility. Ideally, it becomes my digital stage where my writing, performances, testimonials, press mentions, and audience engagement all live in one powerful, premium space that works for me even when I’m offline.","The most important features for an Author Portfolio Website are structured content hosting (poetry, prose, performances, books), a professional media kit builder, analytics to track profile views and engagement, an integrated event booking system, and monetization tools like paid subscriptions or ticketed content. I also believe discoverability features such as search filters by genre, theme, or language are crucial so authors can be found beyond their existing audience. Testimonials, press mentions, and collaboration sections should be built-in to establish credibility. Most importantly, the platform should allow authors to showcase not just written work but also videos, live performances, and interactive elements, because modern authors are multi-dimensional creators. It should feel less like a static portfolio and more like a living, evolving creative hub."
28/02/2026 22:25:53,"I plan to use my Author Portfolio Website as a digital home for my literary journey. As an emotional and inspirational writer, I want the platform to showcase my books, co-authored works, awards, and writing achievements. It will serve as a space to connect with readers who resonate with themes of resilience, gratitude, healing, and self-rebirth. I also intend to publish blogs, poems, and excerpts from my works to build a meaningful reader community. Additionally, the website will help me establish my professional identity as an emerging author and open opportunities for collaborations, publications, and speaking engagements.","The most important features for my Author Portfolio Website are:
A professional author bio highlighting my journey and achievements
A dedicated books section with covers, descriptions, and purchase links
A blog space for publishing emotional and motivational writings
Awards and recognitions showcase (including Emerging Literary Excellence Award – 2026)
Contact page for collaborations and publication opportunities
Reader testimonials and reviews
Clean, elegant design that reflects my emotional and inspirational writing style
These features will help present my identity clearly while building trust and connection with readers."
28/02/2026 22:27:11,To showcase all my writing classified into different categories . In the order of Genre - Title - Poem/Subject . It's easier for people to get what I want to show also giving them the exact way to get what they want to see . ,Easy to handle for both author and reader . 
28/02/2026 22:28:49,As a promotion ,Our social media 
28/02/2026 22:30:24,"I want to use the website  in a professional  manners. Where i can write and publish  my daily articles and stories that every people  can view and comment.  The website  should  be designed in such a manner that my audience  can grow and I have  opportunity  to connect  more and more  number of people  with my writing.  Moreover  , as anyone publishes any blogg or journal on any specific platform my website  also have  to  be designed in such a manner. ",The ability  for others usuers or viewers to comment  on any particular  post.Second there should be sharing options  of stories from the website.  There should be the details of the author  in such a manner that would make others users to follow that website.  To have several  options of highlighting or designing  the posts. Requires to have all the editing  features in the website.  
28/02/2026 22:31:49,"An ideal website for authors should be simple, attractive, and easy to use. Just like Instagram, it should allow people to follow authors, like, comment, and share their posts to increase engagement. There should be a messaging page where readers and writers can interact and discuss ideas. The website can also include features like a personal profile, a bio section, a place to upload poems or stories, and a notification system for new posts. There can be writing challenges, live sessions, and a community forum where authors support each other. A rating and review system can help writers improve. The platform should also show trending posts and give rewards or badges to active users. Overall, the website should help authors grow, connect with readers, and share their creativity in a supportive and inspiring environment.","An author-focused website should not only be social but also helpful for learning and growth. It can have a built-in writing editor with grammar suggestions and word count tracking. There can be a section where writers save drafts privately before publishing. The platform could offer collaboration features where two or more authors write together. It may also include audio storytelling, where writers can upload voice recordings of their poems or stories. A mentorship program can connect new writers with experienced authors. There can be weekly writing prompts, publishing guides, and tips about book marketing. The website should also provide analytics, showing how many people read a post and from which country. Overall, it should be a creative space that supports talent, learning, and global connection."
28/02/2026 22:33:13,"I will be using the Author portfolio website to upgrade my work and gaining experience, Also do advertise the website so that big community of writers in the world can approach me or I will approach them i am willing to post many stories to make my website updated.","Audience management, so that people can engage and see every artist work here, have some like, comment and share options so that we received honest opinion and so we can evolve our works, 
There should be a professional and premium look interface so that people will come and get curious at first look only,  design should be so much professional so that people will know that he or she is a professional writer and get so many offers from big community of creative field of filmaking and of writers, and there should be a good interface so that people of national and international team will approach us .   Again thank you for giving this opportunity it's means alot arigato gosaimas "
28/02/2026 22:34:24,I just want the public to know my works.,Their works should be clearly portrayed.
28/02/2026 22:35:08,"I can use an author profile as a space to share my writing and connect with readers. Engaging with readers helps form a meaningful community, and over time,  profile can open doors to collaborations, publications, and creative opportunities. More than just a page, it becomes a home for my words-a quiet record of my  evolution, where each piece i share strengthens my  confidence and carries my thoughts into the world. It is best opportunity to show my authenticity through words.","Homepage 
Authour biography page
Best work
Social media links
Readers feedback"
28/02/2026 22:36:26,"I plan to use my Author Portfolio Website to showcase my poems, short stories, and literary works. It will serve as a professional platform to share my writing journey, connect with readers, and build my identity as an author. I also want to use it to publish new pieces, share updates, and collaborate with other writers.","The most important features are a clean and attractive design, an organized portfolio section for published works, an “About the Author” page, a blog section for regular updates, contact information, and social media integration. Easy navigation and mobile-friendly design are also very important."
28/02/2026 22:36:51,"Add my poetry to it, use it for all my posts, research etc.","Bio, Description, Work, published work, interactive charter map, Behind the book section, Readers Wall, can add a little emotion tracker like... What emotion you felt after reading this and one last share to loved one or tag your loved one like section...
This is just my opinion, i know just making it itself is a big thing. 
All the best. "
28/02/2026 22:38:14,I just want to use it as a platform for my audience to see all my poems together and get information about my upcoming anthologies or poetry books.,It should be realistic and it should contain everything. I know you will give your best
28/02/2026 22:40:28,"I would want to use the Author Portfolio Site as my central creative and professional hub where I can showcase all my writing work in an organized and visually appealing way. Instead of sending different links or files every time someone wants to see my work, I would use this platform as my official writing identity that represents my voice, themes, and journey as an author. I would also use it to document my growth over time by updating new projects, achievements, publications, and collaborations, making it easier for potential readers, publishers, to understand my work and approach in one place.","I would expect features like customizable portfolio layouts, a personal author dashboard, analytics to track reader engagement, a submission or publication tracker, built-in blogging tools, collaboration or networking options with other writers, and the ability to create a professional media kit. It would also be helpful to have sections for testimonials, upcoming projects, writing genres, and a content calendar. Integration with social media and options to share works directly from the platform would also make it more efficient and functional for authors."
28/02/2026 22:41:22,"• To showcase my books and writing work
• To build my professional author identity
• To connect with readers and publishers
• To share blogs, updates, and upcoming projects
• To create one central place for all my book links and social media","•Professional bio and profile section
• Attractive book showcase with buy links
• Blog or article section
• Mobile-friendly design
• Easy editing without technical skills"
28/02/2026 22:41:44,"I think for me it will act as a personal portfolio where I can store all my writings, even if they are not published elsewhere. 

Additionally, I think it will help me inference my portfolio on social media accounts, etc giving me the satisfaction that all my stuff is organised somewhere. ","Fetaures I'm looking forward to: 

- Author's Photograph & short intro 
- The writing section can have categories such as published work, freehand poetry, etc
- Blog section - to enhance traffic on the site. 
- Testimonials & Newsletter section if need be ( long term)
"
28/02/2026 22:43:11,To express unexpressed feelings ,🤔
28/02/2026 22:51:34,"I plan to use it as a means to promote my work in the forms of poems, books and someday writing my own anthology..","1. Newsletter 
2. Blogs 
3. "
28/02/2026 22:56:27,"I plan to use my Author Portfolio Website to showcase my books, share my writing journey, and build a strong personal brand as an author. I want readers to know more about me, explore my published work, read sample chapters, and stay updated about upcoming releases. I also plan to use it to connect with readers through blogs, newsletters, and direct contact options. The website will help me grow my audience and increase book visibility and sales.","The most important features for me are:
• A professional book showcase section with buy links
• About the Author page
• Blog or update section
• Newsletter/email subscription option
• Social media integration
• Contact form for readers and collaborations
• Easy customization and mobile-friendly design"
28/02/2026 23:05:40,"First of thank you so much , for doing this much for me . As me i will add this to my social media handle and i dont have to introduced everyone from start as author secondly this will also help me to change this hoppy to part time work with the help of website ",I feel audience reaction and review of stories and i feel new writer including me dont have many reviews for their work but this is a important thing to add 
28/02/2026 23:06:28,"I have always loved writing but never got out of the tiny pages I write. With this Author Portfolio Website, I am looking forward to step into the media industry. The portfolio website.will be a showcase of my skills as a scriptwriter. ","A clean and mobile-responsive design, a clear ""About the Author"" page with a professional headshot, a dedicated, high-quality showcase of books or writing samples. "
28/02/2026 23:06:55,"I plan to use my Author Portfolio Website as my primary professional identity online — a centralized space where my books, manuscripts, achievements, submissions, and future projects are presented in a structured and credible way. It will serve as a link I can share with publishers, literary agents, competition panels, collaborators, and readers. I also want it to function as a long-term archive of my growth as an author, documenting milestones, featured works, and evolving projects in one refined, authoritative space.","The most important features are clean and customizable design, organized sections for published and unpublished work, downloadable press/media kits, submission-ready excerpts, analytics to track engagement, newsletter integration, and a professional timeline of achievements. It should also allow authors to showcase works-in-progress and upcoming projects without clutter. Most importantly, the platform should feel premium and credible — something that strengthens an author’s authority rather than resembling a social media profile."
28/02/2026 23:07:59,"I plan to use my Author Portfolio Website as my official digital identity as a writer. It will serve as a central platform to showcase my books, research, articles, projects, and achievements in a professional and organized way. I want it to help readers understand my writing journey, explore my work, and stay updated with my upcoming releases. I would also use it to connect with publishers, editors, collaborators, and readers, making it a space that builds credibility, visibility, and long-term growth for my author career.","The most important features would be customizable design themes, a dedicated books/projects section, integrated blog space, media kit download option, verified author badge, analytics dashboard, SEO optimization, newsletter integration, event calendar, testimonials, and direct purchase links. A networking feature for collaboration, strong privacy protection, mobile-friendly design, fast loading speed, and an ad-free premium interface would also be essential to make the platform powerful, professional, and future-ready."
28/02/2026 23:21:57,"I plan to use my author portfolio website to showcase my writing, share my published work, and let people know more about me as a writer. It will help readers, publishers, and collaborators easily see my style and achievements in one place. I can also use it to connect with my audience and update them about my new projects.","The most important features for an author portfolio website are a section to showcase my writings, an about page to introduce myself, and a contact page so readers or publishers can reach me. It should also have a clean design, easy navigation, and a place to share updates or blogs about my work."
28/02/2026 23:22:56,I plan to use it as a platform to present my books and poems globally. It will be helpful to built my personal brand and connect with other authors and writers. It may be helpful in giving new opportunities.,It should be professional and easily manageable. It should be personal and useful as per my portfolio.
28/02/2026 23:28:09,"I think it's quite interesting platform for me because I will doing 1st time like this and so I expect that this website helps me to connect with other authors, introduced me in this beautiful literature World. I am professionally medical student but I want to grow in literature not just because I know how to write but because I want to feel alive and this is the 1st step towards my dream life. So I hope you have something new ideas by reading this. I am very excited to see this website. ","Everyone should read each others written words and reply as well in their perspective. Or for something interesting there should be some levels like celebrity writer something that person is winner of the year according to base of her or his posts, work. That's all I think. If you feel this is good then add it. Thank you!"
28/02/2026 23:39:51,Like in future if i wanna publish any poetry book of mine ,"Details about author and what kind of writings do they write&, about the book "
28/02/2026 23:49:23,"I plan to use my author portfolio website to professionally present my writing, showcase my best work, and connect with readers, publishers, and potential collaborators. ","I believe the most important features of an author portfolio website are a well curated showcase of best work, a compelling ‘About Me’ section, and clear contact information. A strong portfolio section highlights writing style and growth, while a professional bio helps readers understand  journey and voice as a writer. Additionally, features like testimonials, achievements, or a blog section can demonstrate consistency and credibility. "
28/02/2026 23:51:25,"My author portfolio website should be my digital home where my identity, creativity and purpose come together. It should clearly show who I am, what I write and what makes my voice unique, while also serving as a space to present my works, share my thoughts and poems and open doors to opportunities like collaborations and publishing. By updating it regularly, connecting with a small but loyal audience and designing it in a way that reflects my own aesthetic and values, my website becomes more than just a display page, it becomes a living reflection of my journey and a permanent space for my creative voice to grow.","The most important features of my author portfolio website are a clear introduction, an About Me page, a section to showcase my works and a blog to express my creativity. It should also be simple, mobile-friendly and include ways for people to contact and connect with me, making my website a true reflection of my identity and growth as a writer."
01/03/2026 00:10:52,"I plan to use my Author Portfolio Website as a professional platform to showcase my writing journey and creative work. It will serve as a central space where readers, publishers, and collaborators can explore my poetry, articles, and literary projects in one place.","Writing Portfolio / Published Works – A well-organized section to showcase poems, articles, stories, and published pieces so readers can easily explore my work.
Author Bio & Journey – A professional introduction that tells readers about the author’s background, writing style, and creative vision.
Contact & Collaboration Page – Easy ways for publishers, readers, and collaborators to connect for opportunities and feedback.
Publication & Achievement Section – A place to display anthologies, awards, recognitions, and writing milestones.
Blog or Updates Section – To share thoughts, new writings, announcements, and ongoing literary activities.
Social Media Integration – Links to social platforms to expand audience engagement and build a writing community."
01/03/2026 01:25:54,"If this Author Portfolio Website is launching, I would want it to go beyond being just a place to upload writing. I would use it as my personal literary identity — a space that reflects my voice, mood, and creative journey. ","I expect features like customizable design options, sections for different genres (poetry, short stories, blogs), reader engagement tools (comments, likes, saves), and analytics to understand what resonates with my audience. It would be powerful if it helped authors grow through discoverability features like tags, curated showcases, collaborations, or even opportunities to connect with publishers and other writers.
"
01/03/2026 02:31:52,"I plan to use my author portfolio website to professionally showcase my poetry and creative writing, build my identity as an author, and connect with readers, publishers, and collaborators. The most important features for me are a clean writing portfolio, an engaging About page, blog or poetry posts section, contact options, and social media integration to grow my audience.","1.Portfolio / Writing showcase
2.About the Author page
3.Contact form
4.Blog / Posts section
5.Social media integration
6.Mobile-friendly design"
01/03/2026 03:09:21,"I plan to showcase my books, upcoming books and/or projects, write-ups, etc on my author portfolio website. It should be like my own little kingdom where my projects are my subjects, lol. ","I'm very big on personalisation. If I can personalise my website according to my own taste, I think that would be best. If my content is melancholic but the website is all rosy lips and cherry cheeks, that wouldn't go side to side, would it? "
01/03/2026 05:53:20,"I'd use my portfolio website to showcase my books, short stories, or articles. I'd include summaries, excerpts, and reviews to entice readers.

I'd also use it to connect with readers and potential publishers, and a blog or newsletter signup. The goal would be to build my brand and generate interest in my work.","The most important features focus on demonstrating expertise, maintaining a professional image, and providing easy navigation. 
The most important features for an author's portfolio website include a professional design, a clear display of their work, an ""About Me"" section. "
01/03/2026 07:46:37,"As an author, I plan to use this platform as both a professional portfolio and a strategic brand hub. It should not only showcase my published work but also communicate my voice, authority, and creative identity. I want it to function as a central space where readers, publishers, collaborators, and event organizers can understand who I am and what I stand for.

The features that matter most to me are:

• A beautifully designed, customizable homepage that reflects my writing style and genre
• Dedicated sections for books (with summaries, purchase links, reviews, and awards)
• A media kit section (bio, high-resolution photos, press mentions, downloadable assets)
• Blog or thought-leadership section for essays and updates
• Newsletter integration to build and maintain a reader community
• Event calendar for book launches, signings, or talks
• Analytics to track engagement and reader interest
• Strong SEO optimization so my work is discoverable
• Secure backend and easy content management

My expectation is that the platform should feel premium and professional — something I can confidently share with publishers, literary agents, and media houses. It should not look generic or template-based. It must be mobile-optimized, fast, and elegant.

I also expect scalability. As my body of work grows — more books, collaborations, awards — the platform should grow with me without needing a complete redesign.

Most importantly, I want the platform to reflect credibility and depth. Writing is personal, but publishing is professional. The website should bridge that gap — showcasing both the human voice and the structured portfolio.

","To make it truly valuable, focus on:
• Clean design with emotional impact
• Seamless user experience
• Author-focused features (not corporate website features repackaged)
• Strong branding tools
• Easy updates without technical complexity

If this platform can help me build authority, deepen reader connection, and open professional opportunities — then it becomes more than a website. It becomes a career asset."
01/03/2026 08:01:08,"Honestly, have not thought about it 😅","Maybe you describe me, that would mean something 😉"
01/03/2026 08:09:15,"For keeping a record of my work, which I can easily share in my circle.","It has to be user friendly and easy to manage, but at the same time it should look attractive and so catchy that the person viewing it should not be able to leave the website before reading through all my pieces and still be like, is there more?"
01/03/2026 09:56:39,"I would use my Author Portfolio Website as my digital identity, a place where people can truly understand who I am as a writer, not just what I have written. It would be my professional home where publishers, readers, event organizers, and collaborators can see my bio, my published works, my achievements, and my writing style in one clear space. I would use it to showcase my books, share sample writings, post blogs about my creative journey, and announce new releases or events. It would also help me build credibility, instead of sending scattered links, I can send one strong, premium website that represents me fully. Personally, I would use it to grow my audience, build trust, attract opportunities like speaking invitations or collaborations, and slowly shape my brand as a serious and committed author.","The most important features would be a beautiful and clean design, an easy-to-update portfolio section, a blog space, book showcase with buy links, a professional bio page, testimonials or reviews section, and a contact form for publishers or event organizers. It should also include a media kit download option (with author photo, bio, and book details), social media integration, and analytics so I can understand my audience. A newsletter subscription option is very important to build a reader community. Most importantly, it should feel premium, fast, and mobile-friendly. If possible, having a personal domain name, SEO support, and a feature to display awards or publication logos would make it powerful and professional."
01/03/2026 12:04:47,"I plan to use my Author Portfolio Website as a platform to showcase my writing skills and creative growth. It will serve as a digital space where I can present my best poems, stories, and articles in an organized and professional way. I also want it to reflect my personal voice and writing journey. In the future, I can use it while applying for competitions, internships, or higher studies, as it will act like a creative resume. Overall, it will help me build my identity as a writer and connect with readers who appreciate my work.","The most important features of an Author Portfolio Website are clarity, organization, and professionalism. First, a well-structured section to showcase selected works is essential so visitors can easily read the best pieces. Second, an ‘About Me’ page helps establish credibility and lets readers understand the author’s background and writing style. Third, a clean and user-friendly design is important so the focus remains on the content. Additionally, a contact section is crucial for networking and opportunities. Overall, the website should reflect the author’s personality while remaining simple, accessible, and professional."
01/03/2026 13:04:59,"For content writing internships, To introduce myself, keeping track of my writing ",I'm not sure
01/03/2026 13:33:00,I would use my Author Portfolio Website as a Platform to showcase my Poetry Writing Talent and make it a Profession and also to Portray my Self- Published Book and sell it in the Market. The Author Portfolio Website would be a Great Platform for me to showcase my Poetry Writing Talent and also to Portray my Self-Published Book and use both Professionally.,"The Most Important Features for Author Portfolio Website would be the Provision to Write and Publish my Poetry, Add my Bio, List and Sell my books directly through the website. I would be able to Upload Full Manuscripts, Publish my Book with just one click and get special support from your team. The Author Portfolio Website would work as my Personal Author Launchpad providing me a space where I can Write, Showcase my work, Sell my books, Build my Identity and Grow my Audience. The best part is I can share my Personal Link if anyone asks about me as an Author without any confusion  and just in One Click."
01/03/2026 14:50:02,"I plan to use my Author Portfolio Website as the central hub of my intellectual identity. Not just as a display of my work, but as a strategic platform to build credibility, document my growth, and position myself within my niche. I want it to function as a bridge between me and readers, publishers, collaborators, and institutions. I would use it to publish long-form essays, showcase ongoing projects, host a media kit, and create a professional archive of my writing journey. Over time, I want it to help me attract speaking invitations, publishing opportunities, academic collaborations, and serious readers who resonate with my ideas. Ideally, it should also support audience-building tools like newsletters or announcements so that my work doesn’t disappear into algorithms but stays directly connected to my readers.","The most important features of an Author Portfolio Website should balance refined aesthetics with meaningful functionality. The design must feel intentional clean typography, thoughtful spacing, and a layout that allows the writing to breathe. It should feel less like a commercial page and more like a curated intellectual space. At the same time, it needs strong structural tools: integrated long-form publishing, sections for works in progress, themes and influences, and a professional media kit for publishers and collaborators. Email list integration and subtle analytics are essential to help authors build a direct relationship with readers and understand engagement without compromising the literary atmosphere. Ultimately, the platform should serve as both an archive of ideas and a strategic growth engine — a place where craft, credibility, audience, and opportunity intersect. It should feel timeless, powerful, and quietly authoritative."
01/03/2026 14:51:12,To share with people who wants to know me and post it in my socials this is something I can show everyone that I can do more in life while i will post my future books in this website,I need clean design which will be good impression on me first when people see it and then I need no picture of me but a dp I would like to select for the page and i need theme in ancient brown colour  a nice clean site so it's good and proude for me to flex 