Name,Email,Phone,SubmissionCount,SubmissionDate
"saksha","s@gmail.com","9292919292",1,"23 Aug 2026, 21:00"
"Rinku","Rinkuthakranrt@gmail.com","7239979898",1,"23 Aug 2026, 21:43"
"Abha Nagesh ","abhakumari488@gmail.com","8237089924",1,"23 Aug 2026, 21:46"
"Chinu","chinmayeetandi4@gmail.com","7608080120",1,"23 Aug 2026, 21:50"
"Sarfaraj Ahmad ","sarfarajahmad282@gmail.com","7541020522",1,"23 Aug 2026, 21:55"
"Aayushi Nigam","ayushinigam845@gmail.com","7357103430",1,"23 Aug 2026, 22:04"
"GAJJELA SUBHASH CHANDRASHEKHAR ","gscspersonal@gmail.com","7358518551",1,"23 Aug 2026, 22:26"
"Radha ","radhaht703@gmail.com","9742567076",1,"23 Aug 2026, 22:49"
"Bineet Dwivedy ","mamatamohapatradps@gmail.com","9437333467",1,"23 Aug 2026, 23:18"
"Asher Graves","deadmansking.123@gmail.com","8018021483",1,"23 Aug 2026, 23:23"
"Bhavya Dube","doctorbhavyadube@gmail.com","8052574852",1,"24 Aug 2026, 16:05"
"Arhita Ghatak","arhitaghatak@gmail.com","9830790571",1,"24 Aug 2026, 23:54"
"Babita Rani","ranirajbabita@gmail.com","9815455022",1,"25 Aug 2026, 11:18"
"USHA SONI","soniiusha24@gmail.com","9630898968",1,"25 Aug 2026, 18:34"
"Sebastian Pk","sebastianpk9@gmail.com","7875531639",1,"25 Aug 2026, 21:15"
"Arsh Kalsekar","arshkalsekar9889@gmail.com","8291337876",1,"25 Aug 2026, 21:15"
"Baani Sewak","baanisewak@icloud.com","7009254760",1,"25 Aug 2026, 21:29"
"Zakir Hussain ","Zakir1466@gmail.com","9618981841",1,"25 Aug 2026, 22:07"
"Dr Aradhana Srivastava","astharadhana@gmail.com","9860259547",1,"26 Aug 2026, 20:11"
"Amol Barai - Kavimol ","amolmbarai@gmail.com","9833053770",1,"27 Aug 2026, 21:24"
"DHANALAXMI SUGUNA BILLAR ","BellamcolonyNEAR SUBRAMANYATEMPLE Raichurkarnatak STATE WARD NO 5  H .NO 1-11-154/19 s/","9448695520",1,"27 Aug 2026, 21:34"
"Devananda V","devanandavkmangalath@gmail.com","9562070911",1,"27 Aug 2026, 22:36"
"MD DABIR HOSSAIN ","rintumondal49@gmail.com","7432855387",1,"27 Aug 2026, 23:16"
"Vedant Taunk","taunkvedant@gmail.com","9881162137",1,"28 Aug 2026, 22:29"
"Pragya Ghosh","pragyaghosh15@gmail.com","9863077169",1,"29 Aug 2026, 00:10"
"Sachin saini","ss22sachin@gmail.com","8930443655",1,"29 Aug 2026, 09:32"
"Dr. V.Packialakshmi @ Karupayiee ","laksumi1910@gmail.com","9597801166",1,"30 Aug 2026, 21:26"
"Kush ","kushlavy@gmail.com","8319436288",1,"30 Aug 2026, 21:28"
"Debasish Majumder","dmajumder513@gmail.com","9831684824",1,"30 Aug 2026, 22:44"
"Tessy Rony","tessyrony7@gmail.com","8138807905",1,"31 Aug 2026, 21:57"
"Srija Jha","srijajha2006@gmail.com","9693608855",1,"31 Aug 2026, 23:00"
"Mayank Srivastava ","vastavmayankk@gmail.com","8467987896",1,"1 Sept 2026, 15:43"
"OJES P DORE","ojespdore@gmail.com","9148818800",1,"2 Sept 2026, 10:08"
"Suranjan Jana","suranjanjana2011@gmail.com","9564095230",1,"2 Sept 2026, 18:46"
"Ramsha Malik","malikramsha636@gmail.com","9568025770",1,"2 Sept 2026, 20:58"
"Meeta Jagtap","meetajagtap@gmail.com","9686656017",1,"2 Sept 2026, 23:57"
"Sunu Miriam Thomas","sunumiriamthomas@gmail.com","8606988670",1,"3 Sept 2026, 23:24"
"Sarah Wassim ","sarahwassim47@gmail.com","8338921377",1,"4 Sept 2026, 15:47"
"Ashish shrivastava ","shriashu170@gmail.com","9414878200",1,"4 Sept 2026, 21:49"
"siddharth vidhya","siddharthvidhya@apl.edu.in","7845896558",1,"5 Sept 2026, 19:34"
"R.V. Tremen","sarvnx2008@gmail.com@","9848307418",1,"5 Sept 2026, 20:21"
"Sheetal Jain","sheetal.delhi25@gmail.com","9560127370",1,"5 Sept 2026, 20:41"
"Hamna Munir","hamnamir77@gmail.com","9541608766",1,"5 Sept 2026, 20:44"
"Sakhamuru Srinivasa Prasad ","srinivasaprasad23@gmail.com","7032614864",1,"5 Sept 2026, 22:21"
"Pramila Sankarankutty","pramsank@gmail.com","9940182842",1,"6 Sept 2026, 08:54"
"Neha Jain ","nehaj1761993@gmail.com","7841074945",1,"6 Sept 2026, 13:23"
"Manisha kumari","manishasujani@gmail.com","8050018636",1,"6 Sept 2026, 15:18"
"Palak Devansh Garg","palak.agrawal.vns@gmail.com","9582089028",1,"7 Sept 2026, 16:36"
"Rinika Bose","bose.rinika1999@gmail.com","9382267536",1,"7 Sept 2026, 19:33"
"Uday Pratap Singh","udaypratapsingh.rath@gmail.com","8739003074",1,"7 Sept 2026, 20:18"
"Harshita Sharma","harshitasharma6958@gmail.com","8962705866",1,"7 Sept 2026, 20:22"
"Fatimah Malkani","malkanifatimah@gmail.com","9004786714",1,"8 Sept 2026, 00:45"
"Sneha H","snehaghegde@gmail.com","7348878005",1,"8 Sept 2026, 12:52"
"C R Janani ","janasaradha1997@gmail.com","9751924236",1,"8 Sept 2026, 17:42"
"Silentsonnet_29","Mendirattaprachi29@gmail.com","8295181750",1,"8 Sept 2026, 21:35"
"Hrisha Jain","hrishajain1421@gmail.com","9076201032",1,"8 Sept 2026, 22:11"
"Amrita Anand","anandamrita368@gmail.com","8271107466",1,"9 Sept 2026, 02:47"
"Bhumika Yadav","ybhumika053@gmail.com","9981606009",1,"9 Sept 2026, 17:37"
"Taiba Baig ","taibabaig18@gmail.com","7417420780",1,"9 Sept 2026, 20:34"
"Upasana Mitra","bravepuju@gmail.com","8100657576",1,"9 Sept 2026, 23:00"
"Dr. Aayushi Joshi","aayujoshi2000@gmail.com","8954029092",1,"10 Sept 2026, 05:19"
"Paru","paramita2351@gmail.com","9002637260",1,"10 Sept 2026, 09:59"
"MIRA JANANI VENKATESH","mirajanani1511@gmail.com","8608051560",1,"11 Sept 2026, 10:50"
"Kumkum Sharma","theetherealechoes3344@gmail.com","7426048483",1,"11 Sept 2026, 16:09"
"Sudiksha","nirmalasudiksha@gmail.com","7871739000",1,"12 Sept 2026, 11:55"
"Maria Ibji","maruibji@gmail.com","9987412340",1,"13 Sept 2026, 20:35"
"Mukeshaala ","mukeshaala@gmail.com","9998284680",1,"15 Sept 2026, 16:24"
"RATNESH KUMAR SINGH","bluehorizonwlw@gmail.com","7903874815",1,"22 Sept 2026, 01:04"