Order_ID,Name,Email,Phone_WhatsApp,Category,Plan,Payment_Status,Created_At,Updated_At,Has_Submitted,Sub1_Title,Sub2_Title
"iwl2_1787498899652_1618f","saksha","s@gmail.com","9292919292","letter","1","complete","2026-08-23T15:30:31.668353Z","2026-08-23T15:30:31.166Z","Yes","wefw",""
"iwl2_1787501572396_g0cpu","Rinku","Rinkuthakranrt@gmail.com","7239979898","poetry","2","partial_submission","2026-08-23T16:13:44.206962Z","2026-08-23T16:13:43.645Z","Yes","Shayari",""
"iwl2_1787501630451_57obl","Abha Nagesh ","abhakumari488@gmail.com","8237089924","poetry","2","partial_submission","2026-08-23T16:16:17.157579Z","2026-08-23T16:16:16.156Z","Yes","Muse whisper",""
"iwl2_1787501649402_uuf5t","Chinu","chinmayeetandi4@gmail.com","7608080120","poetry","399","complete","2026-08-23T16:20:33.335111Z","2026-08-23T16:20:31.264Z","Yes","Yearning in the Village Breeze",""
"iwl2_1787501955889_qho57","Sarfaraj Ahmad ","sarfarajahmad282@gmail.com","7541020522","poetry","2","partial_submission","2026-08-23T16:25:38.497871Z","2026-08-23T16:25:37.357Z","Yes","I Will Rise Again",""
"iwl2_1787502430142_egbv2","Aayushi Nigam","ayushinigam845@gmail.com","7357103430","letter","2","partial_submission","2026-08-23T16:34:26.479757Z","2026-08-23T16:34:26.628Z","Yes","Beyond Survival: The Barefoot Roots of a Developed India",""
"iwl2_1787502902207_f871g","GAJJELA SUBHASH CHANDRASHEKHAR ","gscspersonal@gmail.com","7358518551","poetry","2","partial_submission","2026-08-23T16:56:17.991314Z","2026-08-23T16:56:16.988Z","Yes","Hand of God",""
"iwl2_1787504342370_4tv1p","Sarah Wassim ","sarahwassim47@gmail.com","8338921377","poetry","2","partial_submission","2026-09-04T10:17:10.059192Z","2026-09-04T10:17:09.276Z","Yes","The Bulb Above The Desk",""
"iwl2_1787504479720_szrao","Radha ","radhaht703@gmail.com","9742567076","short_story","599","full_submission","2026-08-23T17:20:05.688374Z","2026-08-23T17:19:50.626Z","Yes","","ಏಳುನೂರು ಐವತ್ತು ರೂಪಾಯಿ,  ಅದೂಂದು ಒಂದು ದೊಡ್ಡ ವಠಾರ ಅದರಲ್ಲಿ ದೊಡ್ಡ ಮನೆ ಮತ್ತು ಸಣ್ಣ ಮನೆ ಸುಮಾರು ನಲವತ್ತು ಮನೆಗಳು ಇರುವ ಬಡಾವಣೆ ಅಂತಾನೇ ಹೇಳಬಹುದು. ಈ ವಠಾರದಲ್ಲಿ ವಾಸಿಸುವ ಜನರುಗಳಿಗೆ ಯಾವುದೇ ಜಾತಿ ತಾರತಮ್ಯ ಇರಲಿಲ್ಲ ನೋಡ್ರಿ. ಅಲ್ಲಿ ಎಲ್ಲ ರೀತಿಯ ಜನ ಅಂದ್ರೆ ಹಿಂದು.ಮುಸ್ಲಿಂ. ಕೇರಳ. ತಮಿಳು. ತೆಲುಗು. ಮರಾಠ.ಗುಜರಾತಿ.ರಾಜಸ್ತಾನಿ‌ಹೀಗೆ ನಾನಾ ಸಮುದಾಯದ ಜನರು ಅಲ್ಲಿ ವಾಸಿಸುತ್ತಿದ್ದರು. ಆ ವಠಾರದಲ್ಲಿ ಹಬ್ಬ ಹರಿದಿನಗಳಲ್ಲಿ ಒಬ್ಬರಿಗೊಬ್ಬರು ಪರಸ್ಪರ ಹೊಂದಾಣಿಕೆ ಮಾಡಿಕೊಂಡು ಹಿಂದುಗಳ ಮನೆಗೆ ಮುಸ್ಲಿಂರು ಬಂದರೆ ಅವರ ಮನೆಗಳಿಗೆ ಹಿಂದುಗಳು ಹೋಗಿ ಖುಷಿ ಪಡುತ್ತಿದ್ದರು.ಇದರಂತೆ ಬೇರೆ ಬೇರೆ ರಾಜ್ಯದಿಂದ ವಲಸೆ ಬಂದಂತಹ ಜನರು ಪರಸ್ಪರ ಪ್ರೀತಿ ವಿಶ್ವಾಸದಿಂದ ಇರುತ್ತಿದ್ದರು.  ಕೆಲವೂಮ್ಮೆ ಸಣ್ಣ ಪುಟ್ಟ ಜಗಳ ಗಳು  ನಡೆಯುವುದುಂಟು ಅದರಲ್ಲಿ ಮುಖ್ಯವಾಗಿ ನೀರಿನ ಸಲುವಾಗಿ ಜಗಳಗಳು ನಡೆಯುತ್ತಿದ್ದ ಕಾರಣ ಏನೆಂದರೆ ನಲವತ್ತು ಮನೆಗಳು ಇರುವ ವಠಾರದಲ್ಲಿ ಕೇವಲ ಎರಡೇ ನೀರಿನ ನಲ್ಲಿಗಳು ಇದ್ದವು.ಅದರಲ್ಲಿ ನೀರು ಈಗಿನಂತೆ ಇಪ್ಪತ್ನಾಲ್ಕು ಗಂಟೆ ನೀರು ಬರುವಂತಹ ನಲ್ಲಿ ನೀರು ಅಲ್ಲಾ.ಆ ಎರಡು ನಲ್ಲಿಯಲ್ಲಿ ಬೆಳಿಗ್ಗೆ ಏಳು ಗಂಟೆಯಿಂದ ಹತ್ತು ಗಂಟೆಯ ಮಟ ಬಂದರೆ ಅದೇ ಪುಣ್ಯ. ಇನ್ನು ಬೇರೆಯ ಸಮಯದಲ್ಲಿ ವಠಾರದ ಜನಕ್ಕೆ ಕೈ ಪಂಪ್ ನಿಂದ ಹೊಡೆಯುವ ಬೊರ್ ವೆಲ್ ನೀರೇ ಗತಿ. ಅದರಲ್ಲೂ ವಠಾರದ ಜನರ ಜೊತೆ ಸರತಿ ಸಾಲಿನಲ್ಲಿ ನಿಂತು ಆ ವಠಾರ ಓನರ್ ಇಬ್ರಾಹಿಂ ಸಾಹೇಬ್ ಮತ್ತು ಮಕ್ಕಳು ನೀರನ್ನು ಹಿಡಿಯುತ್ತಿದ್ದದು ನಿಜ.ಹೀಗೆ ನೀರಿನ ಸಲುವಾಗಿ ಗುದ್ದಾಟ ಹೊಡೆದಾಟ ಮಾಮೂಲಿ.ಇನ್ನು ಕೆಲವೂಂದು ವಿಚಾರಗಳಲ್ಲಿ ಎಂದರೆ ಈ ಆಗೆಲ್ಲಾ ಈಗಿನ ಹಾಗೆ ಟಿವಿ ಇರಲಿಲ್ಲ ಅದು ಓನರ್ ಬಿಟ್ಟರೆ ಒಬ್ಬ ಬಾಡಿಗೆದಾರರ ಮನೆಯಲ್ಲಿ ಒಂದು ಟಿವಿ ಇತ್ತು. ಹಾಗಾಗಿ ಇನ್ನು ಕೆಲವರು ಈ ರೇಡಿಯೋ. ಟೆಪ್ರಿಕಾರ್ಡ್ನಲ್ಲಿ ಹಾಡನ್ನು ಕೇಳುವ ಸಲುವಾಗಿ ಜೋರಾದ ಧ್ವನಿಯಲ್ಲಿ ವ್ಯಾಲೂಮ್ ಆನ್ ಮಾಡುತ್ತಿದ್ದರು. ಆಗ ಸಣ್ಣಪುಟ್ಟ ಜಗಳಗಳು ಖಾಯಂ.ಮತ್ತೆ ಈ ಹುಡುಗ ಹುಡುಗಿ ಅನ್ಯ ಜಾತೀಯರು ಓಡಿಹೋಗಿ ಮದ್ವೆ ಆದ್ರೆ ಆವಾಗ ಒಂದು ವಾರ ಎರಡು ಕುಟುಂಬಗಳ ನಡುವೆ ಗಲಾಟೆ ಜೋರಾಗುತ್ತಿದ್ದು ‌.ಇನ್ನು ಉಳಿದವರಿಗೆ ಮಜಾ ಬರುತ್ತಿತ್ತು ಆ ಜಗಳ ನೋಡಲು. ಕೆಲವೊಂದು ಸಲ ಹಿಂದು ಧರ್ಮದವರು ಮನೆಗಳನ್ನು ಚೆನ್ನಾಗಿ ನೋಡಿಕೊಳ್ಳುವರು ಎನ್ನುವ ದೃಷ್ಟಿಯಿಂದ ಇಬ್ರಾಹಿಂ ಸಾಹೇಬ್ ರು ಜಾಸ್ತಿ ಬಾಡಿಗೆ ಹಿಂದು ಮಂದಿಗೆ ಬಾಡಿಗೆ ಕೊಟ್ಟಿದ್ದರು.ಈ ವಿಚಾರ ಇಬ್ರಾಹಿಂ ಸಾಹೇಬ್ ಅವರು ಹೆಂಡತಿ ಕೌಸರ್ ಬಾನುಗೆ ತುಂಬಾ ಇರಿಸುಮುರಿಸು ಆಗುತ್ತಿತ್ತು.ಆದರೆ ಏನು ಹೇಳುವ ಪರಿಸ್ಥಿತಿ ಇರಲಿಲ್ಲ.ಹಬ್ಬ ಹರಿದಿನಗಳಲ್ಲಿ ಹಿಂದು ಮಂದಿ ತಮ್ಮ ತಮ್ಮ ಮನೆಯ ಅಂಗಳದಲ್ಲಿ ಸೆಗಣಿ ಸಾರಿಸಿ ದೊಡ್ಡ ದೊಡ್ಡದಾದ ಚೆಂದದ ಬಣ್ಣ ತುಂಬಿದ ರಂಗೋಲಿ ಹಾಕಿತ್ತಿದ್ದರು.ಆಗ ಇಡೀ ಸುಂದರವಾಗಿ ಕಾಣುತ್ತಿತ್ತು.ಇದನ್ನು ಸಹಿಸದೆ ನಮ್ಮ ಧರ್ಮಕ್ಕೆ ಸಗಣಿ ಸಾರಿಸಿದರೆ ನಮಗೆ ನಮಾಜ್ ಮಾಡಲು ತೊಂದರೆ ಆಗುತ್ತದೆ ಅಂತ ಕೌಸರ್ ಬಾನು ಬಕೆಟ್ ತುಂಬಾ ನೀರನ್ನು ಇಡೀ ವಠಾರ ಅಂಗಳದಲ್ಲಿ ಹಾಕಿ ಬಿಡುತ್ತಿದ್ದಳು. ಆಗ ಹಿಂದು ಮಂದಿ ಸುಮ್ಮನೆ ಇರುತ್ತಿದ್ದರೇ ನೀವು ನಮ್ಮಂತಹವರಿಗೆ ಏಕೆ ಬಾಡಿಗೆ ಕೊಟ್ಟಿರಿ ನಮ್ಮ ಅಡ್ವಾನ್ಸ್ ಹಣ ವಾಪಸ್ ಕೊಡಿ ಇವತ್ತೇ ಮನೆ ಖಾಲಿ ಮಾಡುತ್ತೇವೆ ಎನ್ನಲು ಆಗ ಓನರ್ ಇಬ್ರಾಹಿಂ ಸಾಹೇಬ್ ಹೊರಗೆ ಓಡಿ ಬಂದು ಹೆಂಡತಿಯನ್ನು ಬೈದು ಒಳಗೆ ಕರೆದುಕೊಂಡು ಹೋಗುತ್ತಿದ್ದರು. ಆದರೆ ಅದು ಆಗಿನ ಸಂದರ್ಭಕ್ಕೆ ತಕ್ಕಂತೆ ಅಷ್ಟೇ ಸೀಮಿತವಾಗಿತ್ತು.  ಆಮೇಲೆ ಇಬ್ರಾಹಿಂ ಸಾಹೇಬರ ಹೆಂಡತಿ ಕೌಸರ್ ಬಾನು ಮತ್ತೆ ಸಂಜೆ ಹೊತ್ತು ಎಲ್ಲರ ಜೊತೆ ಚೆನ್ನಾಗಿ ಮಾತನಾಡುತ್ತಿದ್ದಳು. ಆಮೇಲೆ ನನ್ನ ಗಂಡಂಗೆ ನಿಮ್ಮದು ಹಬ್ಬದ ಸಾರು ಇಷ್ಟ ಕೊಡಿ ಅಂತ ಕೇಳಿತ್ತಿದ್ದಳು. ಆಮೇಲೆ ರಂಜಾನ್ ಹಬ್ಬದಲ್ಲಿ ಎಲ್ಲರಿಗು ತುಂಬನೇ ಗೂಡಂಬಿ.ದ್ರಾಕ್ಷಿ.ಬಾದಮಿ ತುಪ್ಪ ಬರೇ ಹಾಲಿನಲ್ಲಿ ಮಾಡಿದ ಹಾಕಿ ಕೀರನ್ನು ಹಂಚುತ್ತಿದ್ದಳು. ಅವಳ ವರ್ತನೆ ಸ್ಪಲ್ಪ ವರಟು ಆದರೂ ಸ್ವಭಾವ ಗುಣ ತುಂಬಾ ಚೆನ್ನಾಗಿತ್ತು. ವಠಾರದ ಒನರ್ ಇಬ್ರಾಹಿಂ ಸಾಹೇಬ್ ಸುಮಾರು ಎಂಬತ್ತು ವರ್ಷ ತುಂಬಿತ್ತು ಅವರ ಹೆಂಡತಿ ಕೌಸರ್ ಬಾನು ಅವರಿಗೆ ಅರವತ್ತು ವರ್ಷ ಆಗಿತ್ತು ಇಬ್ರಾಹಿಂ ಸಾಹೇಬ್ ಮತ್ತು ಕೌಸರ್ ಬಾನುಗು ಇಪ್ಪತ್ತು ವರ್ಷಗಳ ಅಂತರವಿತ್ತು. ಕೌಸರ್ ಬಾನು ಹದಿನಾರು ವಯಸ್ಸು ಇರಬಹುದು ಆವಾಗ ಇಬ್ರಾಹಿಂ ಸಾಹೇಬ್ ಅವರ ತಂದೆಗೆ ಒಬ್ಬನೇ ಮಗನಾಗಿದ್ದು ಲಾಯರ್ ಆಗಿದ್ದ ಮತ್ತೆ ಹಣ ಆಸ್ತಿ ತುಂಬಾನೇ ಇತ್ತು ಎನ್ನುವ ಕಾರಣಕ್ಕೆ ವಯಸ್ಸಿನ ಇತಿಮಿತಿ ನೋಡಿದೆ ಇವರಿಬ್ಬರ ಮದುವೆ ಮಾಡಿಸಿದ್ದರು. ಇಬ್ರಾಹಿಂ ಸಾಹೇಬ್ ಮತ್ತು ಕೌಸರ್ ಬಾನು ಮದುವೆಯಾಗಿ ನಲವತ್ತು ವರ್ಷಗಳಲ್ಲಿ ಹತ್ತು ಮಕ್ಕಳು ಅದರಲ್ಲಿ ಐದು ಗಂಡು ಐದು ಹೆಣ್ಣು ಮಕ್ಕಳನ್ನು ಮಾಡಿಕೊಂಡು ಹೇಗೂ ಜೀವನ ನಡೆಯುತ್ತಿತ್ತು. ಆದರೆ ಸರ್ಕಾರಿ ಲಾಯರ್ ಇದ್ದ ಇಬ್ರಾಹಿಂ ಸಾಹೇಬ್ ರನ್ನು ಬಹಳ ಮುದ್ದಿನಿಂದ ಬೆಳೆಸಿದ ಅವರ ತಂದೆ ತಾಯಿ ನಮ್ಮದೇ ತುಂಬಾ ಆಸ್ತಿ ಇದೆ ಕೆಲಸ ಮಾಡುವುದು ಬೇಡ ಅಂತ ಲಾಯರ್ ಕೆಲ್ಸಕ್ಕೆ ರಾಜಿನಾಮೆ ಕೊಡಿಸಿದರು. ಆಗ ಕೌಸರ್ ಬಾನು ಕೆಲಸ ಬಿಡುವುದು ಬೇಡಾ ಅಂತ ತುಂಬಾ ಹೇಳಿದರು ಕೇಳಲಿಲ್ಲ. ಒಂದಿಷ್ಟು ವರುಷಗಳ ನಂತರ ಇಬ್ರಾಹಿಂ ಸಾಹೇಬ್ ತಂದೆ ತಾಯಿ ತೀರಿಕೊಂಡರು. ಕೂತು ಉಂಡೆರೆ ಕೊಪ್ಪರಿಗೆ ಹೊನ್ನು ಸಾಲದು ಎಂಬಂತೆ. ಇಬ್ರಾಹಿಂ ಸಾಹೇಬ್ರು ಸಂಸಾರ ಜೋತೆ ಹತ್ತು ಮಕ್ಕಳ ಜೀವನದ ನಿರ್ವಹಣೆಯ ಸಲುವಾಗಿ ಒಂದೊಂದಾಗಿ ಆಸ್ತಿಯನ್ನು ಮಾರಿದರು. ಇನ್ನು ಹೀಗೆ ಮುಂದುವರೆದರೆ ಎಲ್ಲ ಆಸ್ತಿಯನ್ನು ಮಾರುವರು ನಮಗೇನು ಉಳಿಸುವುದಿಲ್ಲ ಅಂತ ಜಗಳ ಮಾಡಿ ಈಗಿರುವ ಈ ಇಬ್ರಾಹಿಂ ಸಾಹೇಬರ ವಠಾರವನ್ನು ಉಳಿಸಿಕೊಂಡು ಎಲ್ಲ ಜವಾಬ್ದಾರಿಯನ್ನು ತಾನೇ ನಿಭಾಯಿಸಲು ಸಿದ್ಧಳಾದಳು. ಎಲ್ಲ ಮನೆಗಳ ಬಾಡಿಗೆ ರೇಟು ಜಾಸ್ತಿ ಮಾಡಿ ಹೇಗೂ ತಕ್ಕಮಟ್ಟಿಗೆ ಜೀವನ ಸಾಗಿಸುತ್ತಿದ್ದಳು.  ಆದರೆ ಇತ್ತಿಚೆಗೆ ಗಂಡನನ್ನು ನೋಡಿದರೆ ಸಾಕು ಉರಿದು ಬಿಡುತ್ತಿದ್ದಳು. ವಠಾರದ ಹೆಣ್ಣು ಮಕ್ಕಳ ಜೊತೆ ಹರಟೆ ಹೊಡೆಯುತ್ತಾ ಗಂಡನಿಗೆ "" ಓ ಬುಡ್ಡಾ ಹೈ ನಾ ಮೇರಾ ಮರದ್ ಉಸಕಾ ಗಾಲಾ ತಬಕೇ ಛಾತಿಕೂ ಚೀರಕರ್  ಔರ್ ಉಸಕೇ ಫರ್ ಬೈಠಕೇ ಉಸಕಾ ಕುನ್ ಪೀ ಜಾವುಂಗಿ ""( ಆ ಮುದುಕ ಐತಲ್ಲಾ ನನ್ನ ಗಂಡ ಅವ್ನ ಕತ್ತು ಹಿಸುಕಿ ಅವನ ಎದೆಯನ್ನು ಸೀಳಿ ಅದರ ಮೇಲೆ ಕೂತ್ಕೊಂಡು ಅವನ ರಕ್ತ ಕುಡಿಯುವೆ) ಅಂತ ಏನೇನೋ ಹೇಳ್ತದ್ದನ್ನು ಕೇಳಿ ಎಲ್ಲರು ನಗುತ್ತಿದ್ದರು. ಹೇಗೂ ತಕ್ಕಮಟ್ಟಿಗೆ ಜೀವನ ಸಾಗಿಸುತ್ತಿದ್ದ ಕೌಸರ್ ಬಾನು ತಾನು ಯಾವುದರಲ್ಲೂ ಕಡಿಮೆಯಿಲ್ಲ ಎಂಬಂತೆ ನಾಲ್ಕು ಗಂಡು ಮಕ್ಕಳು ನಾಲ್ಕು ಗಂಡು ಮಕ್ಕಳದು ಮದುವೆ ಮಾಡಿದಳು. ಹೆಣ್ಣು ಮಕ್ಕಳು ಗಂಡನ ಮನೆಗೆ ಹೋದರೆ ನಾಲ್ಕು ಗಂಡು ಮಕ್ಕಳು ತಮ್ಮ ತಮ್ಮ ಹೆಂಡತಿಯರನ್ನು ಕರೆದುಕೊಂಡು ದುಬಾಯ್. ಬೆಂಗಳೂರು. ಮಂಗಳೂರು ಬಾಂಬೆ ಅಂತ ಕೆಲಸದ ನೆಪ ಹೇಳಿ ಹೋದರು. ಇನ್ನು ಉಳಿದಿದ್ದು ಇಬ್ರಾಹಿಂ ಸಾಹೇಬ್ರು ಅವರು ಹೆಂಡತಿ ಇಬ್ಬರು ಮಕ್ಕಳಾದ ಹೀನಾ ಮತ್ತು ಸಲೀಂ ಉಳಿದರು. ಎಂಟು ಮಕ್ಕಳ ಮದುವೆ ಮಾಡಿದ ಕಾರಣ ತುಂಬಾ ಸಾಲ ಆಗಿತ್ತು. ಮಕ್ಕಳು ಹಣ ಕಳುಹಿಸುತ್ತಿದ್ದರು. ಆದರೆ ಅದು ಸಾಲುತ್ತಿರಲಿಲ್ಲ. ಇನ್ನು ವಠಾರದ ಮನೆಗಳಲ್ಲಿ ಕೆಲವೂಂದು ಮನೆಗಳನ್ನು ಭೋಗ್ಯಕ್ಕೆ ಕೊಟ್ಟ ಕಾರಣ ಬಾಡಿಗೆಯು ಕಡಿಮೆಯಾಗಿತ್ತು. ಇನ್ನು ಸಲೀಂ ಮತ್ತು ಹೀನಾಳ ಓದು ಮುಗಿದಿರಲಿಲ್ಲ. ತುಂಬಾ ಕಷ್ಟಕರವಾದ ಜೀವನ ಸಾಗಿಸುತ್ತಿದ್ದರು.  ಹೀಗೆರುವಾಗ ಸಲೀಂ ಓದು ಬಿಟ್ಟು ಕೆಲಸಕ್ಕೆ ಹೋಗಲು ಶುರು ಮಾಡಿದ ಆದರೆ ಹೀನಾಳಿಗೆ ಓದಬೇಕು ಎನ್ನುವ ಆಸೆ ತುಂಬಾ ಇತ್ತು. ಅವಳು ಮೊದಲ ಪಿಯುಸಿ ಓದುತ್ತಿದ್ದಳು. ಪರೀಕ್ಷೆ ಹತ್ತಿರ ಬಂದಿದ್ದ ಕಾರಣ ಅಮ್ಮನಿಗೆ ಹಣವನ್ನು ಕೇಳಿದಳು ಅದಕ್ಕೆ ಕೌಸರ್ ಬಾನು ""ಮೇರೆಕನೇ ಪೈಸೆ ನಹಿ ಓ ಅಂಟಿ ಹೈ ಉಸ್ ಪಾಸ್ ಜಾಕೇ ಮಗಂಲೇ""(ನನ್ನ ಹತ್ತಿರ ಹಣ ಇಲ್ಲ ಆ ಅಂಟಿಗೆ ಹೋಗಿ ಕೇಳು ತಗೂ) ಅಂತ ಹೇಳಿದಳು. ಕೌಸರ್ ಬಾನು ಹೀಗೆ ಹೇಳಲು ಒಂದು ಕಾರಣವಿದೆ ಏನೆಂದರೆ ಹೀನಾ ಯಾರು ಜೋತೆನೂ ಬೇರತು ಮಾತನಾಡಿದ ಹುಡುಗಿ ಆದರೆ ಆ ವಠರಾದ ಮನೆಯಲ್ಲಿ ಬಾಡಿಗೆಗೆ ಇದ್ದ ಸವಿತಾಳನ್ನು ತುಂಬಾ ಹಚ್ಚಿಕೊಂಡಿದ್ದಳು ಅವರ ಜೋತೆ ಚೆನ್ನಾಗಿ ಮಾತನಾಡುತ್ತಿದ್ದಳು. ತನಗೆ ಯಾವಾಗಲಾದರೂ ಏನಾದರೂ ತೊಂದರೆ ಬಂದರೆ ಅಥವಾ ಹಣದ ಅವಶ್ಯಕತೆ ಬಂದರೆ ಸಾಕು ಸವಿತಾಳ ಮನೆಗೆ ಹೋಗಿ ತೆಗೆದುಕೊಂಡು ಬರುತ್ತಿದ್ದಳು. ಆಮೇಲೆ ಹೀನಾ ಹಾಗೆ ಹಣವನ್ನು ಸುಮ್ಮನೆ ತೆಗೆದುಕೊಂಡು ಬರುತ್ತಿರಲಿಲ್ಲ ಒಂದು ವಾರ ಇಲ್ಲ ಎರಡು ವಾರಗಳ ನಂತರ ಅವರ ಅಣ್ಣಂದಿರ ಹತ್ತರ ಹಣವನ್ನು ಇಸ್ಕೊಂಡು ವಾಪಸ್ ಸವಿತಾಗೆ ತಂದುಕೊಡುತ್ತಿದ್ದಳು . ಇವರ ಈ ವ್ಯವಹಾರದಲ್ಲಿ ಸವಿತಳ ಗಂಡ ಆಗಲಿ ಮಕ್ಕಳಾಗಲಿ ತೆರೆ ಕೆಡಿಸಿಕೊಳ್ಳದೆ ಹೋಗ್ಲಿ ಬಿಡು ಹೀನಾ ಚೆನ್ನಾಗಿ ಓದಲಿ ಅಂತ ಹೇಳಿತ್ತದ್ದರು. ಸವಿತಾಳಿಗೆ ಹೀನಾಳ ಶಾಂತ ಸ್ವಭಾವ. ಗುಣ ಓದುವ ಹವ್ಯಾಸ ಮಾತನಾಡುವ ರೀತಿ ಎಲ್ಲ ಇಷ್ಟವಾಗುತ್ತಿತ್ತು. ಹೀಗಾಗಿ ಕೌಸರ್ ಸವಿತ ಅಂಟಿಗೆ ಹೋಗಿ ಕೇಳು ಅಂತ ಹೇಳಿದರಲ್ಲಿ ಏನು ತಪ್ಪು ಇರ್ಲಿಲ್ಲ.ಈ ವಿಷಯ ಇಬ್ರಾಹಿಂ ಸಾಹೇಬ್ರುಗು ಗೋತ್ತತ್ತು. ಹೀನಾ ಅದೇ ಖುಷಿಯಲ್ಲಿ ಸವಿತಾಳ ಮನೆಗೆ ಹೋಗಿ ""ಆಂಟಿ ನಂಗೆ ಏಳುನೂರು ಐವತ್ತು ರೂಪಾಯಿ ಕೂಡಿ ಕಾಲೇಜು ಫೀಜ್ ಕಟ್ಟಬೇಕಿತ್ತು"" ಅಂತ ಕೇಳಿದಳು ಅದಕ್ಕೆ ಸವಿತ ಕೂಡ ಹಿಂದೆ ಮುಂದೆ ಏನು ವಿಚಾರ ಮಾಡಿದೆ ಒಂದು ಸಾವಿರ ರೂಪಾಯಿ ಕೂಟ್ಟಳು. ಆಗ ಹೀನಾ ""ಅಯ್ಯೋ ಅಂಟಿ ಇಷ್ಟೂಂದು ಬೇಡ ನಂಗೆ ಬರೀ ಏಳುನೂರು ಐವತ್ತು ರೂಪಾಯಿ ಕೂಡಿ ಹಾಕು""ಎನ್ನಲು  ಸವಿತ ""ತಗೂ ಪುಟ್ಟ ನೀನು ತುಂಬಾ ಚೆನ್ನಾಗಿ ಓದುತ್ತಿ ಅಂತ ನಂಗೆ ಪರ್ವಾಗಿಲ್ಲ ನೀನು ಕಾಲೇಜ್ ಫೀಜ್ ಕಟ್ಟಿ ಉಳಿದಿದ್ದು ನೋಟ್ಸ್ ತಗೋ ಬರೆಯಲು""ಎಂದಾಗ  ಹೀನಾ ""ಬೇಡ ಅಂಟಿ ನನ್ನ ಹತ್ತಿರ ಎಲ್ಲ ನೋಟ್ಸ್ ಇದೆ ಸುಮ್ಮನೆ ಹೆಚ್ಚಿಗೆ ಹಣ ಬೇಡ ನಾನು ಬೇಕಾದರೆ ಮತ್ತೆ ಕೇಳಿ ಇಸ್ಕೊಂತಿನಿ ಈಗ ನಂಗೆ ಬರೀ ಏಳುನೂರು ಐವತ್ತು ರೂಪಾಯಿ ಕೂಡಿ ಅಷ್ಟೇ""ಅಂತ ಹೇಳಿ ಒಂದು ಸಾವಿರ ರೂಪಾಯಿಗಳಲ್ಲಿ ತನಗೆ ಬೇಕಾದ ಏಳುನೂರು ಐವತ್ತು ರೂಪಾಯಿ ತಗೊಂಡು ಉಳಿದ ಹಣವನ್ನು ವಾಪಸ್ ಸವಿತ ಅಂಟಿಗೆ ಕೊಟ್ಟಳು  ಸವಿತ ಅಂಟಿ ""ಸರಿ ಬಿಡಮ್ಮ ನಿನ್ನಷ್ಟ"" ಅಂತ ಹೇಳಿ ಉಳಿದ ಹಣವನ್ನು ಇಸ್ಕೊಂಡಳು. ಆಗ ಹೀನಾ"" ಅಂಟಿ  ಇವತ್ತು ಸೋಮವಾರ ನಾನು ಈ ಏಳುನೂರು ಐವತ್ತು ರೂಪಾಯಿಯನ್ನು ಮುಂದಿನ ಸೋಮವಾರ ಕೊಡುವೆ""ಎಂದಾಗ  ಸವಿತ ""ಯಾವಾಗಲಾದರೂ ಕೊಡಮ್ಮ  ಚೆನ್ನಾಗಿ ಓದು ಪಸ್ಟ್ ನಾನು ನಿಂಗೆ ಹಣ ಕೇಳಲ್ಲ "" ಹೀನಾ ""ಇಲ್ಲ ಅಂಟಿ ಮುಂದಿನ ಸೋಮವಾರ ನಮ್ಮ ದೊಡ್ಡಣ್ಣ ದುಬಾಯ್ ನಿಂದ ಮನಿ ಆರ್ಡರ್ ಮಾಡುತಾನೆ ನಾನು ಆವತ್ತೆ ಈ ದುಡ್ಡುನ್ನು ತಂದುಕೊಡತಿನಿ ಸರಿ ಅಂಟಿ ನಾನು ಬರುವೆ ""ಅಂತ ಹೇಳಿ ಹೀನಾ ಹೋದಳು  ಒಳ್ಳೆಯ ಹುಡುಗಿ ಎನ್ನತ ಸವಿತ ಒಳಗೆಹೋದಳು.  ಇದಾಗಿ ಎರಡು ದಿನ ಕಳೆದಿದೆ ಅಷ್ಟೇ ಓನರ್ ಇಬ್ರಾಹಿಂ ಸಾಹೇಬರ ಮನೆಯಲ್ಲಿ  ಮಧ್ಯಾಹ್ನದ ಹೊತ್ತಿಗೆ ಏನು ಗಲಾಟೆ ಜೋರಾಗಿ ಕೇಳಿಸುತ್ತಿತ್ತು ಅದರಲ್ಲಿ ಕೌಸರ್ ಬಾನು ಸಲೀಂ ಮತ್ತು ಹೀನಾ ಧ್ವನಿಗಳು ಕೇಳಿಬಂದಿವು ಅಷ್ಟೇ ಆಮೇಲೆ ವಾತಾವರಣ ಶಾಂತವಾಯಿತು. ಸವಿತಗೆ ಒಂದು ವಿಚಾರ ತೆಲೆಯಲ್ಲಿ ಕೊರೆಯುತ್ತಿತ್ತು ಯಾವತ್ತೂ ಏರು ಧ್ವನಿಯಲ್ಲಿ ಮಾತನಾಡಿದ ಹೀನಾಳು ಅವತ್ತೂ ಅವಳ ತಾಯಿ ಮತ್ತು ಅಣ್ಣ ಸಲೀಂ ಜೋತೆ ಜೋರಾಗಿ ವಾಗ್ದಾನ ಮಾಡುತ್ತಿದ್ದಳು. "" ಮೈ ಪಡುಂಗಿ ಮೈ ಪಡನಾ ಚತಿ ಹು ಮೈನೇ ಕಾಲೇಜ್ ಫೀಜ್ ಬರಿಹು ಮೈ ಚೂಡುಂಗಿ ನಹೀ ಮೈ ಜವುಂಗಿ "" ( ನಾನು ಓದುವೆ ನಾನು ಓದಬೇಕು ಅಂತ ಇದಿನಿ ನಾನು ಕಾಲೇಜು ಫೀಜ್ ಕಟ್ಟಿದಿನಿ ನಾನು ಬಿಡುವುದಿಲ್ಲ ನಾನು ಹೋಗಿವೆ) ಅಂತ ಕಿರುಚಿದಳು. ಕೌಸರ್ ಬಾನು ಅವಳಿಗೆ ""ತು ಉಸ್ ಲಡಕೆಕೂ ದೇಖನೇ ಕೆಲಿಯೇ ಜತೀ ಪಡನೆ ನಹೀ ಇಸ್ ಲಿಯಾ ತು ಅಜಸೇ ಕಾಲೇಜ್ ನಹೀ ಜಯೇಗಿ ಸಲೀಂ ಉಸೆ ಕಮರೆಮೇ ಬಂದ ಕರ್"" (ನೀನು ಆ ಹುಡುಗನನ್ನು ನೋಡಲು ಹೋಗುವೆ ಓದಲು ಅಲ್ಲಾ ಅದಕ್ಕೆ ಇವತ್ತಿನಿಂದ ನೀನು ಕಾಲೇಜ್ ಗೆ ಹೋಗುವ ಹಾಗಿಲ್ಲ ಸಲೀಂ ಅವಳನ್ನು ಆ ರೋಮ್ನಲ್ಲಿ ಕೂಡಿ ಹಾಕು) ಅಂತ ಹೇಳಲು ಸಲೀಂ ಹೀನಾಳನ್ನು ಜೋರಾಗಿ ಒಳಗೆ ತಬ್ಬಿ ಕದಹಾಕಿದ ಸೌಂಡ್ ಆಯಿತು ಅಷ್ಟೇ. ಆದರೆ ಇವರ ಈ ಭಾಷೆ ಸವಿತಗೆ ಅರ್ಥ ಆಗಲಿಲ್ಲ ಏನು ಅವರ ಮನೆ ವಿಷಯ ನಮಗ್ಯಾಕೆ ಬೇಕು ಅಂತ ಸುಮ್ಮನೆ ಆದಳು. ಅವತ್ತು ಭಾನುವಾರ  ಇಬ್ರಾಹಿಂ ಸಾಹೇಬರ ಮನೆಯ ಹತ್ತಿರದಲ್ಲೇ ಬೊರ್ ವೆಲ್ ಇದ್ದ ಕಾರಣ ಅಲ್ಲೇ ಸವಿತ ಮತ್ತು ಅವಳ ಮಗಳು ರಾಣಿ ಸೇರಿ ಇಬ್ಬರು ಒಟ್ಟಿಗೆ ಸೇರಿ ಬಟ್ಟೆ ಸೆಳೆಯುತ್ತಿದ್ದರು. ಆಗ ಮದ್ಯಾಹ್ನ ಮೂರು ಆಗಿರಬಹುದು ಏನು ಖುಷಿಯಿಂದ ನಗುವ ಸೌಂಡ್ ಇಬ್ರಾಹಿಂ ಸಾಹೇಬರ ಮನೆಯಿಂದ ಬರುತ್ತಿತ್ತು ಅವರ ನಾಲ್ಕನೇ ಮಗಳು ಶಾಹೀನಾ ಊರಿನಿಂದ ಬಂದಿದ್ದಳು ಬಹುಶಃ ಅದಕ್ಕೆ ಇರಬಹುದು ಅಂತ ಸವಿತ ಬಟ್ಟೆ ಸೆಳೆಯಲು ಶುರುಮಾಡಿದಳು. ಸ್ವಲ್ಪ ಹೊತ್ತಿನಲ್ಲಿ ಹೀನಾ ಮೇಲಿಂದ ಆಂಟಿ ಸವಿತ ಅಂಟಿ ಅಂತ ಕರೆದಳು. ಸವಿತ ಮೇಲೆ ನೋಡಿ"" ಓ ಹೀನಾ ನಾ ಯಾರಪ್ಪ ಅನ್ಕೊಂಡೆ ಏನಾಮ್ಮ ಹೀನಾ ಹೇಗೆ ಇದಿಯಾ ಊಟ ಆಯ್ತಾ ಮತ್ತೆ ಫೀಸ್ ಕಟ್ಟಿದ್ಯಾ ಓದು ಎಲ್ಲ ಹೆಂಗೆ ಇದೆ""ಕೇಳಲು  ಹೀನಾ ""ಹು ಆಂಟಿ ಅವತ್ತೇ ಫೀಜ್ ಕಟ್ಟಿದಿನಿ ಓದು ಚೆನ್ನಾಗಿದೆ ಮುಂದಿನ ವಾರ ಎಕ್ಸಾಂ ಇದೆ ಅಂಟಿ ಅದಕ್ಕೆ ಓದ್ತಾ ಇದ್ದೆ ನಿಮ್ಮ ಸೌಂಡ್ ಕೇಳಿಸಿತು ಅದಕ್ಕೆ ಹೊರಗೆ ಬಂದೆ"" ಅಂದಳು  ಸವಿತ ""ಹೌದ ಮತ್ತೆ ನಿಮ್ಮ ಅಕ್ಕ ಶಾಹೀನಾ ಯಾವಾಗ ಬಂದಳು"" ಹೀನಾ "" ಶಾಹೀನಾ ಅಕ್ಕ ನಾ ನಿನ್ನೆ ಬಂದಿದ್ದಾಳೆ ಅಂಟಿ  ಮತ್ತೆ ಅಂಟಿ ಊಟ ಆಯ್ತಾ ಆಂಟಿ ನಿಮ್ಮದು ಅಕ್ಕ ನೀವು ಇಬ್ಬರು ಸೇರಿ ಸೆಳೆಯುತ್ತಿದ್ದಿರಾ ಬಹಳ ಇದವಾ ಬಟ್ಟೆ ಅಂಟಿ"" ಸವಿತ ""ಹುನಮ್ಮ ಸೆಳೆಯುವ ಬಟ್ಟೆ ತುಂಬಾ ಇತ್ತು ಹಾಗಾಗಿ ಇಬ್ಬರು ಸೆಳೆತಿದಿವಿ ಮತ್ತೆ ಏನು ಸಮಾಚಾರ ಹೀನಾ"" ಹೀನಾ ""ಏನು ಇಲ್ಲ ಅಂಟಿ ಅದು ನನಗೆ ತುಂಬಾ ಓದಬೇಕು ಅಂತ ಆಸೆ ಇದೆ ಆದರೆ ನಮ್ಮ ಅಮ್ಮ ಈಗೇ ಕಾಲೇಜ್ ಗೆ ಬಿಟ್ಟು ಬಿಡು ಮನೆಯಲ್ಲಿ ಅಡುಗೆ ಕೆಲಸ ಮಾಡುವುದನ್ನು ಕಲಿ ಮದ್ವೆ ಮಾಡ್ತಿನಿ ಅಂತಾರೆ ಅದನ್ನೇ ಹೇಳಲು ನಮ್ಮ ಅಕ್ಕ ಶಾಹೀನಾಳನ್ನು ಕರೆದಿದ್ದಾರೆ ನೋಡಿ ಅಂಟಿ. ಸವಿತ ""ಏನೇ ಆಗಲಿ ಹೀನಾ ಇನ್ನು ಚಿಕ್ಕವಳು ನೀನು ಈಗಲೇ ಮದ್ವೆ ಬೇಡ ಬಿಡಮ್ಮ ಚೆನ್ನಾಗಿ ಓದು ಪಸ್ಟ್ ನಾನು ನಿಮ್ಮ ಅಮ್ಮನಿಗೆ ಹೇಳುವೆ""ಎಂದಾಗ  ಹೀನಾ ""ಅಂಟಿ ನಿಮಗೆ ತುಂಬಾ ಥ್ಯಾಂಕ್ಸ್ ಮೊದಲು ಅಮ್ಮನಿಗೆ ಹೇಳಿ""ಅಂದಳು  ಒಳಗಿನಿಂದ ಅವಳ ಅಕ್ಕ ಶಾಹೀನಾ ""ಹೀನಾ ಹೀನಾ ಆಗೇ ಇದರ್"" ಅಂತ ಕರೆಯುವ ಸೌಂಡ್ ಆಯ್ತು. ಹೀನಾ ಅವಸರದಲ್ಲಿ ""ಅಂಟಿ ಈಗ ಹೇಳಿತಾ ಇದ್ದೆನೆಲ್ಲಾ ಅದನ್ನೇ ಒಪ್ಪಿಸಲು ನಂಗೆ ಕರೆದಿದ್ದಾಳೆ ಅಂಟಿ ಹೇಗಾದರೂ ಮಾಡಿ ನಮ್ಮ ಅಮ್ಮನ ಜೊತೆ ಮಾತನಾಡಿ ಓದುವದರ ಬಗ್ಗೆ ಒಪ್ಪಿಸಿ ಅಂಟಿ ಸರಿ ನಾನು ಬರುವೆ ಬಾಯ್ ಬಾಯ್"" ಸವಿತ ನಗುತ್ತಾ ""ಸರಿ ಬಾಯ್ ಹೀನಾ""ಎಂದು ಬೇಗ ಬೇಗನೇ ಬಟ್ಟೆ ಸೆಳೆದುಕೊಂಡು ತಮ್ಮ ಮನೆಗೆ ಹೋಗಿ ಬಟ್ಟೆಯಲ್ಲಾ ಒಣಗಿಸಲು ಹಗ್ಗದ ಮೇಲೆ ಹಾಕಿ ಸಲ್ಪ ಹೋತ್ತು ಸವಿತ  ಮಗಳು ಇಬ್ಬರು ರೆಸ್ಟ್ ಮಾಡಲು ಮಲಗಿ ಸುಮಾರು ಆರು ಗಂಟೆಗೆ ಎದ್ದು ದೇವರ ಮುಂದೆ ದೀಪ ಹಚ್ಚಿ ಅಡುಗೆ ಕೆಲಸ ಮಾಡಲು ಶುರು ಮಾಡಿದ್ರು.  ಆಗ ಸಮಯ ಏಳುವರೆ ಆಗಿರಬಹುದು ಏನು ಜೋರಾಗಿ ಚೀರುವ ಸೌಂಡ್ ಆಯ್ತು. ಸವಿತ ಹೊರಗೆ ಓಡಿ ಬರಲು ಇಬ್ರಾಹಿಂ ಸಾಹೇಬರ ಮಗಳು ಶಾಹೀನಾ ಜೋರು ಧ್ವನಿಯಲ್ಲಿ ಮೇಲಿನಿಂದ ಕೆಳಕ್ಕೆ ಇಳಿದು ಬರತ್ತಾ"" ಹೀನಾ ಹೀನಾ ಪಂಧ ದಾಲಿ ಹೀನಾ ಗಲೆಕೂ ಪಂಧ ದಾಲಿ"" ಎನ್ನುತ್ತಾ ಕಿರುಚಿ ಸವಿತಳ ಮನೆಮುಂದೆ ಬಂದು ಒಮ್ಮೆಲೇ ಮೂರ್ಚೆ ಹೋದಳು. ಸವಿತ ಮಗಳಿಗೆ""ಏ ನೀರು ತಾರೇ ರಾಣಿ ಬೇಗ"" ರಾಣಿ ನೀರಿನ ಚೆಂಬು ತಂದಳು  ಸವಿತ ತಡಮಾಡದೆ ಶಾಹೀನಾಳ ಮುಖಕ್ಕೆ ಎರಚಲು. ಶಾಹೀನಾ ಎಚ್ಚರಗೊಂಡು ಸವಿತಾಳನ್ನು ಬಿಗಿಯಾಗಿ ತಬ್ಬಿ ಹಿಡಿದುಕೊಂಡು ""ಅಂಟಿ ಅಂಟಿ ನಮ್ಮ ಹೀನಾ ಹೀನಾ ಇದ್ದಾಳಲ್ಲ ಅವ ಅವಳು ತುಪ್ಪಟದಿಂದ ಶೀರ್ ಕೂ ಪಂಧ ದಾಲಿ ಅಂತ ಜೋರಾಗಿ ಅಳಲು ಶುರುಮಾಡಳು. ಒಳಗಿನಿಂದ ಅವಳ ಅಮ್ಮ ಇಬ್ರಾಹಿಂ ಸಾಹೇಬರ ಹೆಂಡತಿ ಕೌಸರ್ ಬಾನು ಓಡಿ ಬಂದು""ಕ್ಯಾಗೇ ಮೊಹಲ್ಲಮೇ ಆಕೇ ಬುಲನಾ ಕ್ಯಾತೂ ಚಲ್ ಅಂದರ್ ದೀವಾನಿ "" ಎನ್ನುತ್ತಾ ಜೋರಾಗಿ ಶಾಹೀನಾಳನ್ನು ಎಳೆದುಕೊಂಡು ಮನೆಯೊಳಗೆ ಹೋಗಲು  ಸವಿತ ""ಏನೇ ಹೇಳ್ತಾ ಇದ್ದಳು ""ಎಂದಾಗ  ರಾಣಿ""ಅಮ್ಮ ಹೀನಾ ತನ್ನ ವೇಲ್ ನಿಂದ ನೇಣುಬಿಗಿದುಕೊಂಡಿದ್ದಾಳೆ ಅಂತೆ "" ಸವಿತ""ಅಯ್ಯೋ ಶಿವನೇ ಮಧ್ಯಾಹ್ನನೇ ನನ್ನ ಜೊತೆ ಹೀನಾ ಎಷ್ಟು ಚೆಂದ ಮಾತನಾಡಿದಳು ಅಲ್ವಾ ರಾಣಿ ಈಗ ನೋಡಿದರೆ ಹೀಗೆ ಮಾಡಿಕೊಂಡಿದ್ದಾಳೆ ನೋಡು"" ರಾಣಿ ಏನ್ ಹೇಳ್ಬೇಕು ಅಂತ ತಿಳಿಯದೇ ಸುಮ್ಮನೆ ನಿಂತಳು. ಆಗಲೇ ಶಾಹೀನಾ ಚೀರಿದ ಸೌಂಡ್ ಗೆ ವಠರಾದ ಮಂದಿಯಲ್ಲಾ ಓನರ್ ಇಬ್ರಾಹಿಂ ಸಾಹೇಬರ ಮನೆಯೊಳಗೆ ನುಗ್ಗಿದರು ಮಹಡಿಯ ರೂಂನಲ್ಲಿ ಹೀನಾ ನೇಣು ಹಾಕಿಕೊಂಡು ಸತ್ತಿದ್ದಳು.  ನೇಣಿನ ಕುಣಿಕೆಗೆ ಬಿದ್ದದ್ದ ಹೀನಾಳ ಕೈ ಕಾಲು ಸೆಟದಿದ್ದವು ಮತ್ತೆ ಕಣ್ಣುಗೊಡ್ಡೆ ಹೊರಗೆ ಬಂದಂತೆ ಕಾಣುತ್ತಿತ್ತು ನಾಲೆಗೆ ಅರ್ಧಕ್ಕಿಂತ ಹೆಚ್ಚು ಹೊರಗೆ ಚಾಚಿತ್ತು ಒಂಥರಾ ಶವವನ್ನು ನೋಡಲು ಹೋದವರಿಗೆ ಭಯವೇ ಹುಟ್ಟಸಿವಂತೆ ಮಾಡಿತ್ತು. ಆ ಸಂದರ್ಭದಲ್ಲಿ ಧೈರ್ಯವಂತ ಕೆಲವು ಗಂಡಸರೇ ಶವವನ್ನು ನೋಡಿ ಹೆದರಿದ್ದರು.ಇನ್ನೂ ಹೆಂಗಸರು ನೋಡಲು ಹೋಗಿ ಮೂರ್ಚೆ ಹೋದವರು ತುಂಬಾ ಮತ್ತೆ ಕೆಲವು ಹದಿಹರೆಯದ ಹೆಣ್ಣುಮಕ್ಕಳು ಕುತೂಹಲದಿಂದ ನೋಡಲು ಹೋಗಿ ಜ್ವರ ಬಂದು ಮಲಗಿದರು. ಇದರ ಮಧ್ಯೆ ಹತ್ತಿರವೇ ಇದ್ದ ಅವರ ಸಂಬಂಧದ ಡಾಕ್ಟರ್ ಒಬ್ಬರನ್ನು ಕರೆಯಿಸಿ ಹೀನಾಳ ಹೆಣವನ್ನು ಕೆಳಗೆ ಇಳಿಸಿ ಎಲ್ಲರನ್ನು ಹೊರಗೆ ಕಳುಹಿಸಿ ಕೈ ಕಾಲು ಎಲ್ಲ ನೆಟ್ಟಿಗೆ ಮಾಡಿ ಬಿಗಿಯಾಗಿ ದಾರ ಕಟ್ಟಿ ಮತ್ತೆ ಚಾಚಿದ ನಾಲಿಗೆಯನ್ನು ಕತ್ತರಿಸಿ ತೆಗೆದು ಹಾಕಿ ಕೆಳಕ್ಕೆ ಹೆಣವನ್ನು ತಂದು ಹಾಲ್ ನಲ್ಲಿ ಮಂಚದ ಮೇಲೆ ಹಾಕಿ ಅದಕ್ಕೆ ಏನು ಸ್ಪಲ್ಪ ಸೆಂಟು ಹಾಕಿ ಊದುಬತ್ತಿ ಹಚ್ಚಿ ನೋಡುವವರಿಗೆ ಚೆನ್ನಾಗಿ ಕಾಣುವಂತೆ ಮಾಡಿದರು.ಆಮೇಲೆ ಕೌಸರ್ ಬಾನು ವಠರಾದ ಮಂದಿಯನ್ನು ಕರೆದು  ""ನೋಡು ಯಾರಾದ್ರೂ ಕೇಳಿದರೆ ಹೀನಾ ಮೆದುಳಿನ ಜ್ವರದಿಂದ ಬಳಲಿ ಸತ್ತಿದ್ದಾಳೆ ಅಂತ ಹೇಳಬೇಕು ಇದು ನಮ್ಮ ಮರ್ಯಾದೆ ಪ್ರಶ್ನೆ ನಿಮ್ಮ ಮಕ್ಕಳು ಹೀಗೆ ಆಗಿದ್ದರೆ ನೀವು ಏನು ಮಾಡುತ್ತೀರಿ ನೋಡಿ""ಎಂದು ಅಳುತ್ತಾ ಹೇಳಿ ಒಳಗೆ ಹೋದಳು.  ಎಲ್ಲ ವಠಾರದ ಮಂದಿಗೆ ಹೀನಾ ತುಂಬಾ ಒಳ್ಳೆಯ ಹೀಗೆ ಹೇಗೆ ಮಾಡಿಕೊಳ್ಳಲು ಸಾಧ್ಯ ಎಂಬ ಅನುಮಾನವಂತೂ ಬಂದಿದ್ದು ನಿಜ ಆದರೆ ಹೋಗ್ಲಿ ಬಿಡಿ ಇದು ಅವರವರ ವೈಯಕ್ತಿಕ ವಿಚಾರ ಮತ್ತು ಮರ್ಯಾದೆ ಪ್ರಶ್ನೆ ಎಂದು ನಿಟ್ಟುಸಿರು ಬಿಟ್ಟರು. ಯಾರಾದ್ರೂ ಬಂದು ಹೀನಾಳ ಸಾವಿನ ಬಗ್ಗೆ ಕೇಳಿದೊಡನೆ ಜ್ವರದಿಂದ ಬಳಲಿ ಸತ್ತಿದ್ದಾಳೆ ಅಂತಾನೇ ಹೇಳಿದ್ರು. ಇತ್ತ ಹೀನಾಳ ಶವದ ಮುಂದೆ ಅವತ್ತು ಐದು ಆರು ಮಹಿಳೆಯರಿಂದ ಕುರಾನ್ ಓದಲು ಶುರು ಮಾಡಿದ್ರು.ಹೀಗೆ ರಾತ್ರಿ ಕಳೆದು ಹಗಲು ಆಯಿತು ಬೆಳಗ್ಗೆ ಬೇಗನೆ ಶವ ಸಂಸ್ಕಾರ ಮಾಡಲು ಕೌಸರ್ ಬಾನು ಸಂಬಂಧಿಕರಿಗೆ ಹೇಳಿದಳು. ಹೀನಾ ಶವವನ್ನು ಒಂದಿಷ್ಟು ವಯಸ್ಸಾದ ಮಹಿಳೆಯರು ಬಿಸಿ ನೀರಿನಿಂದ ಲಕ್ಸ್ ಸೋಪು ಶಾಂಪೂ ಎಲ್ಲ ಹಾಕಿ ಸ್ನಾನ ಮಾಡಿಸಿ ಅವರ ವಿಧಿ ವಿಧಾನಗಳಂತೆ ಕುರಾನ್ ಮಂತ್ರಗಳನ್ನು ಹೇಳುತ್ತಾ ಹೀನಾಳನ್ನು ಅತಿ ಸುಂದರವಾಗಿ ಅಲಂಕಾರ ಮಾಡಿ ಶವದ ಪೆಟ್ಟಿಗೆಯಲ್ಲಿ ಮಲಗಿಸಿದರು. ಎಲ್ಲರು ನೋಡಿ ಎಷ್ಟು ಸುಂದರವಾಗಿದಾಳೆ ಒಳ್ಳೆ ಮದುಮಗಳಂತೆ ಕಾಣುತ್ತಿದ್ದಾಳೆ ಎನ್ನತ ಕಣ್ಣೀರ ಧಾರೆ ಆರಿಸಿದರು. ಅದುವರೆಗೂ ಸವಿತ ಮಗಳು ರಾಣಿ ಅವಳ ಶವವನ್ನು ನೋಡಲೇ ಇರ್ಲಿಲ್ಲ.ಈಗ ಅಲಂಕಾರ ಮಾಡಿದ ಹೀನಾಳ ಹೆಣವನ್ನು ನೋಡಿ ಸವಿತ ನಿನ್ನೆ ನನ್ನ ಎಷ್ಟು ಚೆಂದ ಮಾತನಾಡಿದಿ ಹೀನಾ ಈಗ ನಿನ್ನನು ಈ ಸ್ಥಿತಿಯಲ್ಲಿ ನೋಡಲು ನನಗೆ ಸಾಧ್ಯವಾಗುತ್ತಿಲ್ಲ ಹೀನಾ ಬಾನು ಅಕ್ಕ ನೋಡಿ ಹೀನಾ ಹೆಂಗೆ ಸುಮ್ಮನೆ ಮಲಗಿದ್ದಾಳೆ ನನ್ನನು ಅಂಟಿ ಅಂಟಿ ಅಂತ ಯಾವಾಗಲೂ ಕರೆಯುತ್ತಿದ್ದಳು ಎಂದು ಹೀನಾ ಏನಾಯ್ತು ಪುಟ್ಟ ನಿಂಗೆ ಈ ಮಾಡಿದ್ದು ಸರಿಯೇ ಪುಟ್ಟಿ ಎಂದು ಬಿಕ್ಕಿ ಬಿಕ್ಕಿ ಅಳುತ್ತಿದ್ದರು. ಸುಮಾರು ಬೆಳಿಗ್ಗೆ ಹನ್ನೊಂದು ಗಂಟೆಗೆ ಹೀನಾಳ ಶವದ ಕೊನೆಯ ಮೆರವಣಿಗೆ ಮನೆಯಿಂದ ಹೊರಟಿತ್ತು. ಇಬ್ರಾಹಿಂ ಸಾಹೇಬ್ರಿಗೆ ದಿಕ್ಕೆ ತೋಚದೆ ಕಂಗಾಲಾಗಿದ್ದರು ಕೌಸರ್ ಬಾನು ಎದೆ ಹೊಡೆದುಕೊಂಡು ಅಳುತ್ತಿದ್ದಳು ಎಲ್ಲ ಅಕ್ಕಂದಿರು ಅಣ್ಣಂದಿರು ಬಂದಿದ್ದರು.ಇಡೀ ಕುಟುಂಬದವರ ಆಕ್ರಂದನ ಮುಗಿಲು ಮುಟ್ಟಿತ್ತು. ವಠಾರದ ಎಲ್ಲರು ಕಣ್ಣೀರು ಹಾಕಿದರು. ಹೀನಾಳ ಶವವನ್ನು ಸ್ಮಶಾನಕ್ಕೆ ಹೋಗಿ ದಫನ್ ಮಾಡಿ ಬಂದ ಮೇಲೆ ಇಡೀ ಇಬ್ರಾಹಿಂ ಸಾಹೇಬರ ವಠಾರವೇ ಸ್ತಬ್ಧವಾಯಿತು. ಹೀನಾಳ ನಲವತ್ತು ದಿನದ ಎಲ್ಲ ಕ್ರೀಯಾ ಕ್ರಮಗಳು ಮುಗಿದವು. ಎಲ್ಲ ಇಬ್ರಾಹಿಂ ಸಾಹೇಬರ ಮಕ್ಕಳು ಎಲ್ಲ ಕೆಲಸ ನಿಮಿತ್ತ ತಮ್ಮ ತಮ್ಮ ಊರುಗಳಿಗೆ ತೆರಳಿದರು. ಈಗ ಮನೆಯಲ್ಲಿ ಇಬ್ರಾಹಿಂ ಸಾಹೇಬರ ಹೆಂಡತಿ ಕೌಸರ್ ಬಾನು ಹಾಗೂ ಸಲೀಂ ಮೂವರೇ ಉಳಿದಿದ್ದು ಮುಂಚನ ಹಾಗೆ ವಟವಟ ಅನ್ನುತ್ತಿದ್ದ ಕೌಸರ್ ಬಾನು ಸುಮ್ಮನೆ ಇದ್ದರು ಯಾರು ಜೋತೆನೂ ಬೇರತು ಮಾತನಾಡಿ ದಿನಗಳೇ ಕಳೆದಿದ್ದವು.  ಹೀಗೆ ಇರುವಾಗ ಒಂದಿಷ್ಟು ದಿನಗಳಲ್ಲಿ ವಠರಾದ ಮಂದಿಗೆ ಹೀನಾ ಓಡಾಡಿದಂತೆ ಮಾತನಾಡಿದಂತೆ ನಿಂತಂತೆ ಭಾಸವಾಗುತ್ತಿತ್ತು.ಬೇಗನೆ ಕೆಲಸದಿಂದ ಮನೆಯೊಳಗೆ ಹೋಗುವರು ಆದರೆ ಸಂಜೆಯಾದರೆ ಸಾಕು ಮನೆಯಿಂದ ಹೊರಗೆ ಬರಲು ಭಯಪಡುವಂತಹ ಸ್ಥಿತಿ ತಲುಪಿದ್ದರು. ಮತ್ತೆ ಕೆಲವರು ಹೀನಾಳನ್ನು ಅವರ ತಾಯಿ ತಮ್ಮ ಸೇರಿ ಕೊಂದಿದ್ದಾರೆ ಅವಳ ಮೈಮೇಲೆ ಗಾಯದ ಕಲೆ ಇದ್ದವು ಏನೇನೋ ಸುದ್ದಿಯನ್ನು ಹರಡಿದರು.  ಇಷ್ಟೆಲ್ಲಾ ಆದರೂ ಸವಿತ ಮಗಳು ರಾಣಿಯ ಕಣ್ಣಿಗೆ ಒಂದು ದಿನ ಕೂಡ ಕನಸಿನಲ್ಲಿ ಆಗಲಿ ಅಥವಾ ಭೂತದ ರೂಪದಲ್ಲಿ ಆಗಲಿ ಕಾಣಿಸಲಿಲ್ಲ.ಸವಿತ ರಾಣಿ ಬೆಳಿಗ್ಗೆ ಮುಂಜಾನೆ ನಾಲ್ಕುಕ್ಕೆ ಎದ್ದು ಅಕ್ಕ ಪಕ್ಕದ ಓಣಿಯಿಂದ ಕತ್ತಲೆಯಲ್ಲಿ ನೀರನ್ನು ತರುತ್ತಿದ್ದರು. ಮತ್ತೆ ಅವರಿಗೆ ಯಾವುದೇ ಭಯ ಏನು ಆಗುತ್ತಿರಲಿಲ್ಲ. ಸವಿತ ತನ್ನ ಪಾಡಿಗೆ ತಾನು ಸುಮ್ಮನೆ ಇರುತ್ತಿದ್ದಳು.ಹೀನಾಳ ನೆನಪು ಮರುಕಳಿಸಿದಾಗ ಮೌನವಾಗಿ ಕುಳಿತು ಬಿಡುತ್ತಿದ್ದಳು. ಇದುವರೆಗೆ ಒಂದು ದಿನವೂ ಕನಸಿನಲ್ಲಿ ಬರದ ಹೀನಾ ಈಗ ಸತ್ತು ಎರಡು ತಿಂಗಳ ಕಾಲ ಕಳೆದಿತ್ತು ಆಗ ಇದ್ದಕ್ಕಿದ್ದಂತೆ ಒಂದು ರಾತ್ರಿ ಸುಮಾರು ಎರಡು ಗಂಟೆಯಾಗಿತ್ತು. ಕೌಸರ್ ಬಾನು ಕನಸಿನಲ್ಲಿ ಹೀನಾ ಬಂದು ""ಅಮ್ಮಿ ಓ ಅಂಟಿ ಕೂ ಮೈ ಸಾಥಸೂಪಚಸ್ ರೂಪಾಯ್ ದೇನಾ"" ( ಅಮ್ಮ ಆ ಅಂಟಿಗೆ ನಾನು ಏಳುನೂರು ಐವತ್ತು ರೂಪಾಯಿ ಕೂಡಬೇಕು) ಎನ್ನುವ ಧ್ವನಿಗೆ ಕೌಸರ್ ಬಾನು ಹೆದರಿ ಬಿಟ್ಟಳು. ಯಾರಿಗೆ ಕೊಡಬೇಕು ಅಂತ ತಿಳಿಯದೇ ಕೌಸರ್ ಬಾನು ಸುಮ್ಮನೆ ಆದಳು. ಆದರೆ ಹೀಗೆ ಸುಮ್ಮನೆ ಇರದೆ ಹೀನಾ ಸರಿಸುಮಾರು ಒಂದು ತಿಂಗಳುಗಳ ಕಾಲ ಕನಸ್ಸಿನಲ್ಲಿ ಬರತೊಡಗಿದಳು. ಹೀನಾ ಏನು ಕೇಳುತ್ತಿರಲಿಲ್ಲ. ಬರೇ ""ಓ ಅಂಟಿ ಕೂ ಮೈ ಸಾಥಸೂಪಚಸ್ ರೂಪಾಯ್ ದೇನಾ"" ಕಣ್ಣಾಮುಚ್ಚಾದರೆ ಕೌಸರ್ ಬಾನುಗೆ ಬರೀ ಏಳುನೂರು ಐವತ್ತು ರೂಪಾಯಿ ಕೂಡಬೇಕು ನಾನು ಎನ್ನುವ ಕನಸು ಮತ್ತೆ ಮತ್ತೆ ಬೀಳ ತೊಡಗಿತು. ಏನು ಮಾಡಬೇಕು ಯಾರಿಗೆ ಹೇಳಬೇಕು ಅಂತ ತಿಳಿಯದೇ ಕೌಸರ್ ಬಾನು ಎಲ್ಲ ವಠಾರದ ಮಂದಿಗೆ ಕೇಳಿದಳು ಎಲ್ಲರು ನಮ್ಮ ಜೋತೆಗೆ ಮಾತನಾಡುವುದೇ ಕಷ್ಟ ಇನ್ನು ಹಣ ಎಲ್ಲಿಂದ ಕೇಳುವಳು ಎಂಬ ಉತ್ತರ ಹೇಳುತ್ತಿದ್ದರು. ಹೀಗೆ ಒಂದು ವಾರ ಕಳೆಯಿತು. ಹೀನಾ ಈಗಂತೂ ನೇರವಾಗಿ ಬಂದಂತೆ ಕಾಣಿಸಿ ಆ ಅಂಟಿಗೆ ""ಅಮ್ಮಿ ಓ ಅಂಟಿ ಕೂ ಮೈ ಸಾಥಸೂಪಚಸ್ ರೂಪಾಯ್ ದೇನಾ ಅಬ್ ತು ದೇ "" (ಅಮ್ಮ ನಾನು ಆ ಅಂಟಿಗೆ ಏಳುನೂರು ಐವತ್ತು ರೂಪಾಯಿ ಕೂಡಬೇಕು ಈಗ ನೀನು ಕೊಡು) ಎನ್ನುವಂತೆ ಅಪ್ಪಣೆ ಮಾಡಿ  ""ತು ನಹೀ ದಿಯೇ ತೂ ಮೈ ತುಜಿ ಚೂಡುಂಗಿ ನಹೀ "" (ಕೊಡಲಿಲ್ಲ ಅಂದ್ರೆ ನಾನು ನಿನ್ನನು ಸುಮ್ಮನೆ ಬಿಡಲ್ಲ) ಎಂದು ಪೀಡಿಸುತ್ತಿದ್ದಳು.  ಕಡೆಗೆ ಕೌಸರ್ ಬಾನು ಮತ್ತೂಮ್ಮೆ ವಠರಾದ ಜನರಿಗೆ ದಯಾ ಮಾಡಿ ಹೇಳಿ ಯಾರು ನನ್ನ ಮಗಳು ಹೀನಾಗೆ ದುಡ್ಡು ಕೊಟ್ಟಿದ್ದೀರಿ ತಿಳಿಸಿ ಇಲ್ಲಾಂದ್ರೆ ಅವಳು ನನ್ನನ್ನು ಸುಮ್ಮನೆ ಬಿಡಲ್ಲ ಎಂದು ಬೇಡಿಕೊಂಡಳು. ಆಗ ಅದರಲ್ಲಿ ಒಬ್ಬರು ""ಬಾನು ಅಕ್ಕ ಹೀನಾ ನಮ್ಮ ಜೋತೆನೇ ಮಾತನಾಡುತ್ತಿರಲಿಲ್ಲ. ಇನ್ನು ಹಣ ಎಲ್ಲಿಂದ ಕೇಳುವಳು ಹೇಳಿ ಅವಳು ಯಾವಾಗಲೂ ಆ ಸವಿತ ಅವರ ಮನೆಗೆ ಹೋಗುತ್ತಿದ್ದಳು ತಾನೇ ಬಹುಶಃ ಅವರೇ ಕೊಟ್ಟಿರಬೇಕು ನೋಡಿ"" ಎಂದಾಗ  ಕೌಸರ್ ಬಾನುಗೆ"" ಯಾ ಅಲ್ಲ ನಾನೇ ಮರೆತು ಬಿಟ್ಟೆ ಸವಿತ ಅವರನ್ನು ಹೀನಾ ಸಾಯುವ ಒಂದು ಆರು ದಿನಗಳ ಹಿಂದೆ ಹೀನಾ ಹಣ ಕೇಳಿದ್ದಳು ನಾನೇ ಆ ಸವಿತ ಹತ್ತರ ಇಸ್ಕೂ ಅಂತ ಈಗ ನೆನಪು ಆಯಿತು""ಎನ್ನುತ್ತಾ ತಡಮಾಡದೆ ಸವಿತಳ ಮನೆಗೆ ಹೋಗಿ""ರೀ ಸವಿತ ಹೀನಾ ನಿಮ್ಮ ಹತ್ತರ ಹಣವನ್ನು ಇಸ್ಕೊಂಡಳು ಅದನ್ನು ಯಾಕೆ ಹೇಳಲಿಲ್ಲ ನೀವು""ಎನ್ನಲು   ಸವಿತ ""ಇಲ್ಲ ನನ್ನ ಹತ್ತಿರ ಹಣ ತೆಗೆದುಕೊಂಡಿಲ್ಲ ""ಅಂದಳು. ಕೌಸರ್ ಬಾನು ""ನೋಡಿ ಸವಿತಮ್ಮ ನೀವು ಸುಳ್ಳು ಹೇಳಬೇಡಿ ನಮ್ಮ ಹೀನಾ ನಿಮ್ಮ ಹತ್ತರ ಏಳುನೂರು ಐವತ್ತು ರೂಪಾಯಿ ಇಸ್ಕೂಂಡಿದ್ದಾಳೆ ತಾನೇ ನೀವು ಸುಳ್ಳು ಹೇಳಿದರೆ ನನ್ನ ಮೇಲೆ ಅಣೆ ನೋಡಿ ""ಎಂದಾಗ  ಸವಿತ""ನಿಮಗ್ಯಾರು ಹೇಳಿದ್ದು ಅಂದ್ರೆ ಅಷ್ಟೂಂದು ಇಲ್ಲ ಬಿಡಿ ಏನು ಒಂದು ಇನ್ನೂರು ಇರಬಹುದು ಅಷ್ಟೇ "" ಕೌಸರ್ ಬಾನು""ಇಲ್ಲ ಇಲ್ಲ ನಿಮಗೆ ಗೋತ್ತಿಲ್ಲ ನೋಡಿ ನಂಗೆ ಒಂದು ತಿಂಗಳಿಂದ ನನ್ನ ಕನಸಿನಲ್ಲಿ ಹೀನಾ ಬಂದು ಕಾಡುತ್ತಿದ್ದಾಳೆ ಓ ಅಂಟಿ ಕೂ ಮೈ ಸಾಥಸೂಪಚಸ್ ರೂಪಾಯ್ ದೇನಾ ಅಂತ  ನಾನು ಈಗ ನಿಮಗೆ ಹಣ ಕೊಡಲಿಲ್ಲ ಅಂದ್ರೆ ಅವಳು ನನ್ನನ್ನು ಸಾಯಿಸಿ ಬಿಡುತ್ತಾಳೆ ಸವಿತ ಈಗ ಹೇಳಿ ನಿಜ ನನ್ನ ಆಣೆ""ಎಂದಳು  ಆಗ ಸವಿತ ನಿಟ್ಟುಸಿರು ಬಿಟ್ಟು ""ನಿಜ ಬಾನು ಅಕ್ಕ ಅವತ್ತು ಹೀನಾ ಬಂದು ನನ್ನ ಹತ್ತಿರ ಏಳುನೂರು ಐವತ್ತು ರೂಪಾಯಿ ಹಣ ಕೂಡಿ ಅಂತ ಕೇಳಿದಳು ನಾನು ಅವಳಿಗೆ ಒಂದು ಸಾವಿರ ರೂಪಾಯಿ ಕೊಡಲು ಹೋದೆ ಅವಳು ತೆಗೆದುಕೊಳ್ಳುಲಿಲ್ಲ ಅವಳು ತನಗೆ ಬೇಕಾದ ಏಳುನೂರು ಐವತ್ತು ರೂಪಾಯಿ ಮಾತ್ರ ತೆಗೆದುಕೊಂಡು ಹೋದಳು. ಆಮೇಲೆ ಅವಳೇ ಈ ಲೋಕ ಬಿಟ್ಟು ಹೋದ ಮೇಲೆ ನನಗೆ ಹಣ ಏಕೆ ಬೇಕು ಹೇಳಿ ಅಕ್ಕ ಅದಕ್ಕೆ ನಾನು ಸುಮ್ಮನೆ ಆದೆ ನನಗೆ ಹಣ ಬೇಡ ಅಕ್ಕ ಎನ್ನುತ್ತಾ ಸವಿತ ಕಣ್ಣಿರು ಹಾಕಿದರು.  ಆಗ ಕೌಸರ್ ಬಾನು ""ಇಲ್ಲ ನಿಮಗೆ ಗೋತ್ತಿಲ್ಲ ನನಗೆ ಈ ನಿಮ್ಮ ಹಣ ಕೊಡುವವರೆಗೂ ನಂಗೆ ಸಮಾಧಾನವಿಲ್ಲ ನನ್ನನ್ನು ನೆಮ್ಮದಿಯಿಂದ ಬದುಕಲು ಬಿಡುವುದಿಲ್ಲ ಹೀನಾ ನಿಮ್ಮ ಕಾಲಿಗೆ ಬಿದ್ದು ಬಿಡುವೆ ಈ ಏಳುನೂರು ಐವತ್ತು ರೂಪಾಯಿ ನೀವು ತೆಗೆದುಕೊಳ್ಳಿ""ಎಂದು ಆ ಏಳುನೂರು ಐವತ್ತು ರೂಪಾಯಿ ಹಣವನ್ನು ಸವಿತಗೆ ಕೌಸರ್ ಬಾನು ಕೊಟ್ಟು""ನಂಗೆ ಈಗ ನೆಮ್ಮದಿಯಾಯ್ತು ನೋಡಿ""ಎನ್ನುತ್ತಾ ನಾನು ಬರುವೆ ಎಂದು ಹೊರಟು ಹೋದರು. ಇತ್ತ ಅವರು ಕೊಟ್ಟ ಆ ಏಳುನೂರು ಐವತ್ತು ರೂಪಾಯಿಯನ್ನು ನೋಡುತ್ತಾ ಹೀನಾಳ ಮಾತು ನೆನಪಾಗಿ ""ಅಂಟಿ ನಾನು ಈ ಏಳುನೂರು ಐವತ್ತು ರೂಪಾಯಿ ಕೊಟ್ಟೆ ಕೊಡುವೆನು"" ಎನ್ನುವ ಧ್ವನಿಯು ಮರುಕಳಿಸಿ ಸವಿತಳ ಕಣ್ಣಿರು ಹಾಗೆ ಧಾರೆಯಾಗಿ ಹರಿಯುತ್ತಿತ್ತು. ಅಂದು ರಾತ್ರಿ ಕೌಸರ್ ಬಾನು ನೆಮ್ಮದಿಯಾಗಿ ನಿದ್ದೆ ಮಾಡಿದ್ದಳು. ತುಂಬಾ ಸ್ವಾಭಿಮಾನಿಯಾಗಿದ್ದ ಹೀನಾ ಸತ್ತ ಮೇಲೆ ಅವಳು ಆತ್ಮವಾಗಿ ತನ್ನ ಏಳುನೂರು ಐವತ್ತು ರೂಪಾಯಿ ಸಾಲವನ್ನು ಕೊನೆಗೂ ತೀರಿಸಿಕೊಂಡಿದ್ದು ಆ ಇಬ್ರಾಹಿಂ ಸಾಹೇಬರ ವಠರಾದ ಮಂದಿಗೆಲ್ಲ ಒಂದು ಆಶ್ಚರ್ಯ ಎಂಬಂತೆ ಮೂಡಿತ್ತು.  *ಧನ್ಯವಾದಗಳು* --------------------------------------"
"iwl2_1787506276736_xsh2t","Asher Graves","deadmansking.123@gmail.com","8018021483","poetry","2","partial_submission","2026-08-23T17:53:29.516476Z","2026-08-23T17:53:28.402Z","Yes","The Pages Left Unwritten",""
"iwl2_1787506710278_gwnlg","Bineet Dwivedy ","mamatamohapatradps@gmail.com","9437333467","short_story","2","partial_submission","2026-08-23T17:48:17.065022Z","2026-08-23T17:48:15.992Z","Yes","Quartz sentinel of Koraput",""
"iwl2_1787567568461_ei37p","Bhavya Dube","doctorbhavyadube@gmail.com","8052574852","poetry","2","partial_submission","2026-08-24T10:35:39.951569Z","2026-08-24T10:35:38.958Z","Yes","Sacred lessons",""
"iwl2_1787595586622_o950j","Arhita Ghatak","arhitaghatak@gmail.com","9830790571","novel","2","partial_submission","2026-08-24T18:24:32.714364Z","2026-08-24T18:24:31.780Z","Yes","The boy Who stayed",""
"iwl2_1787635190622_twn5a","Babita Rani","ranirajbabita@gmail.com","9815455022","poetry","2","partial_submission","2026-08-25T05:48:01.862749Z","2026-08-25T05:48:00.516Z","Yes","पावस",""
"iwl2_1787662669894_fimqe","USHA SONI","soniiusha24@gmail.com","9630898968","poetry","2","partial_submission","2026-08-25T13:04:14.607122Z","2026-08-25T13:04:13.874Z","Yes","मैं धरा",""
"iwl2_1787672518231_datey","Baani Sewak","baanisewak@icloud.com","7009254760","letter","2","partial_submission","2026-08-25T15:59:24.668697Z","2026-08-25T15:59:24.048Z","Yes","Written,not spoken",""
"iwl2_1787672553125_dav89","Arsh Kalsekar","arshkalsekar9889@gmail.com","8291337876","novel","2","partial_submission","2026-08-25T15:45:58.399788Z","2026-08-25T15:45:57.803Z","Yes","Warmth",""
"iwl2_1787672575424_nnjh7","Sebastian Pk","sebastianpk9@gmail.com","7875531639","short_story","2","partial_submission","2026-08-25T15:45:36.621295Z","2026-08-25T15:45:35.115Z","Yes","Ira (ഇര)",""
"iwl2_1787674859665_iuv1u","Zakir Hussain ","Zakir1466@gmail.com","9618981841","poetry","2","partial_submission","2026-08-25T16:37:39.619662Z","2026-08-25T16:37:37.757Z","Yes","Eternal Love",""
"iwl2_1787754481704_5emsk","Dr Aradhana Srivastava","astharadhana@gmail.com","9860259547","letter","2","partial_submission","2026-08-26T14:41:11.443847Z","2026-08-26T14:41:12.251Z","Yes","Dear Love",""
"iwl2_1787845595848_aavui","Amol Barai - Kavimol ","amolmbarai@gmail.com","9833053770","poetry","2","partial_submission","2026-08-27T15:54:05.007920Z","2026-08-27T15:54:04.319Z","Yes","PRECIOUS LOVE",""
"iwl2_1787846479385_el4ik","DHANALAXMI SUGUNA BILLAR ","BellamcolonyNEAR SUBRAMANYATEMPLE Raichurkarnatak STATE WARD NO 5  H .NO 1-11-154/19 s/","9448695520","short_story","399","complete","2026-08-27T16:04:46.454505Z","2026-08-27T16:04:44.948Z","Yes","NOW I HAVE TO WRITE IT.",""
"iwl2_1787850308896_w9u4k","Devananda V","devanandavkmangalath@gmail.com","9562070911","poetry","2","partial_submission","2026-08-27T17:06:41.267398Z","2026-08-27T17:06:41.035Z","Yes","Worlds That Differ",""
"iwl2_1787852129404_9g4mk","MD DABIR HOSSAIN ","rintumondal49@gmail.com","7432855387","novel","2","partial_submission","2026-08-27T17:46:59.524016Z","2026-08-27T17:46:57.257Z","Yes","The Last Tawaf of Letters",""
"iwl2_1787936244813_46ng8","Vedant Taunk","taunkvedant@gmail.com","9881162137","short_story","2","partial_submission","2026-08-28T16:59:39.078032Z","2026-08-28T16:59:37.801Z","Yes","Atonement",""
"iwl2_1787942172607_o7199","Pragya Ghosh","pragyaghosh15@gmail.com","9863077169","poetry","599","partial_submission","2026-08-28T18:40:38.403418Z","2026-08-28T18:40:35.990Z","Yes","Lives Of The Deprived",""
"iwl2_1787975217215_t6hr8","Sachin saini","ss22sachin@gmail.com","8930443655","poetry","2","partial_submission","2026-08-29T04:02:18.997718Z","2026-08-29T04:02:16.649Z","Yes","आदि में खो जाना",""
"iwl2_1788066970091_ckmff","Upasana Mitra","bravepuju@gmail.com","8100657576","short_story","2","partial_submission","2026-09-09T17:30:12.524292Z","2026-09-09T17:30:10.965Z","Yes","Between the Twelfth and Thirteenth Floors",""
"iwl2_1788104662677_z7uxc","Kush ","kushlavy@gmail.com","8319436288","poetry","2","partial_submission","2026-08-30T15:58:07.505308Z","2026-08-30T15:58:06.652Z","Yes","मजबूर बाप का  अकेला बेटा",""
"iwl2_1788105256632_7lwiw","Dr. V.Packialakshmi @ Karupayiee ","laksumi1910@gmail.com","9597801166","poetry","2","partial_submission","2026-08-30T15:55:59.867970Z","2026-08-30T15:56:21.325Z","Yes","கைம்மை",""
"iwl2_1788108780984_k2m14","Debasish Majumder","dmajumder513@gmail.com","9831684824","novel","2","partial_submission","2026-08-30T17:14:34.200802Z","2026-08-30T17:14:34.256Z","Yes","Gold Digger",""
"iwl2_1788117791649_433d7","Meeta Jagtap","meetajagtap@gmail.com","9686656017","poetry","2","partial_submission","2026-09-02T18:27:25.275845Z","2026-09-02T18:27:24.543Z","Yes","तुम्हारी दुनिया को समझना था",""
"iwl2_1788192656649_ofif7","Tessy Rony","tessyrony7@gmail.com","8138807905","poetry","599","full_submission","2026-08-31T16:27:30.504082Z","2026-08-31T16:27:29.791Z","Yes","","ഓർമ്മകൾ"
"iwl2_1788197257607_dbom6","Srija Jha","srijajha2006@gmail.com","9693608855","poetry","399","complete","2026-08-31T17:30:54.780567Z","2026-08-31T17:30:53.883Z","Yes","वक़्त",""
"iwl2_1788230651040_mvn2b","Paru","paramita2351@gmail.com","9002637260","poetry","399","complete","2026-09-10T04:29:38.522428Z","2026-09-10T04:29:37.170Z","Yes","The Man killed a Rat Snake",""
"iwl2_1788257292834_sz26e","Mayank Srivastava ","vastavmayankk@gmail.com","8467987896","novel","2","partial_submission","2026-09-01T10:13:43.026673Z","2026-09-01T10:13:42.275Z","Yes","The fruit of satisfaction (mandodari educates dhanyamalini when she is forcibly brought to lanka by raavan)",""
"iwl2_1788309815531_ndycr","OJES P DORE","ojespdore@gmail.com","9148818800","novel","2","partial_submission","2026-09-02T04:38:16.250334Z","2026-09-02T04:38:15.584Z","Yes","Cathedral of Perfection",""
"iwl2_1788354654728_6uagx","Suranjan Jana","suranjanjana2011@gmail.com","9564095230","poetry","399","complete","2026-09-02T13:16:03.048968Z","2026-09-02T13:16:00.953Z","Yes","O Smokeless Blue Fire",""
"iwl2_1788361927468_cejaa","Ramsha Malik","malikramsha636@gmail.com","9568025770","poetry","2","partial_submission","2026-09-02T15:28:51.347683Z","2026-09-02T15:28:49.352Z","Yes","कौन हूँ मैं",""
"iwl2_1788452776734_fb9l5","Kumkum Sharma","theetherealechoes3344@gmail.com","7426048483","poetry","599","partial_submission","2026-09-11T10:39:15.015370Z","2026-09-11T10:39:49.940Z","Yes","Shrap",""
"iwl2_1788455742965_lcggy","C R Janani ","janasaradha1997@gmail.com","9751924236","short_story","2","partial_submission","2026-09-08T12:12:27.712510Z","2026-09-08T12:12:26.393Z","Yes","Echoes From The Heart's Vacuum",""
"iwl2_1788457715072_1em17","Sunu Miriam Thomas","sunumiriamthomas@gmail.com","8606988670","poetry","2","partial_submission","2026-09-03T17:54:16.485701Z","2026-09-03T17:54:10.046Z","Yes","Pirouetting Spirit",""
"iwl2_1788538348618_1ajkp","Ashish shrivastava ","shriashu170@gmail.com","9414878200","poetry","2","partial_submission","2026-09-04T16:20:02.907904Z","2026-09-04T16:19:58.366Z","Yes","ए मौत",""
"iwl2_1788616955805_2t2m4","siddharth vidhya","siddharthvidhya@apl.edu.in","7845896558","poetry","2","partial_submission","2026-09-05T14:04:36.140310Z","2026-09-05T14:04:28.681Z","Yes","Poisonous empathy",""
"iwl2_1788617459342_d27k2","R.V. Tremen","sarvnx2008@gmail.com@","9848307418","novel","2","partial_submission","2026-09-05T14:51:39.602708Z","2026-09-05T14:51:37.330Z","Yes","TREMENDUM - The Terrorised Novel",""
"iwl2_1788618786415_xarzf","Sheetal Jain","sheetal.delhi25@gmail.com","9560127370","poetry","599","partial_submission","2026-09-05T15:11:49.656488Z","2026-09-05T15:11:49.398Z","Yes","अकेलापन",""
"iwl2_1788620943890_fh39t","Hamna Munir","hamnamir77@gmail.com","9541608766","quote","2","partial_submission","2026-09-05T15:14:36.863966Z","2026-09-05T15:14:35.806Z","Yes","CROWNS AND CRUMBS",""
"iwl2_1788621295897_x5jo4","Pramila Sankarankutty","pramsank@gmail.com","9940182842","quote","2","partial_submission","2026-09-06T03:24:42.229125Z","2026-09-06T03:24:40.573Z","Yes","Brahmarakshasa",""
"iwl2_1788626430448_exzys","Sakhamuru Srinivasa Prasad ","srinivasaprasad23@gmail.com","7032614864","short_story","2","partial_submission","2026-09-05T16:51:36.005581Z","2026-09-05T16:51:36.995Z","Yes","361°Administrator",""
"iwl2_1788679183053_ok04k","Neha Jain ","nehaj1761993@gmail.com","7841074945","poetry","2","partial_submission","2026-09-06T07:53:38.842703Z","2026-09-06T07:53:37.582Z","Yes","पुरूष",""
"iwl2_1788687937962_p5kcl","Manisha kumari","manishasujani@gmail.com","8050018636","short_story","2","partial_submission","2026-09-06T09:48:13.356816Z","2026-09-06T09:48:07.028Z","Yes","KHOF: The Double Face",""
"iwl2_1788778849571_6zwd7","Palak Devansh Garg","palak.agrawal.vns@gmail.com","9582089028","poetry","2","partial_submission","2026-09-07T11:06:56.466373Z","2026-09-07T11:06:55.175Z","Yes","""उस खिड़की से डूबता सूरज""",""
"iwl2_1788789521181_mlm1p","Rinika Bose","bose.rinika1999@gmail.com","9382267536","poetry","2","partial_submission","2026-09-07T14:03:06.268604Z","2026-09-07T14:03:03.710Z","Yes","একটি বেঞ্চ",""
"iwl2_1788792015557_hzusp","Harshita Sharma","harshitasharma6958@gmail.com","8962705866","poetry","2","partial_submission","2026-09-07T14:53:05.363570Z","2026-09-07T14:52:53.491Z","Yes","A Goddess Soul",""
"iwl2_1788792406145_ugipv","Uday Pratap Singh","udaypratapsingh.rath@gmail.com","8739003074","short_story","2","partial_submission","2026-09-07T14:48:49.243176Z","2026-09-07T14:48:46.980Z","Yes","मेरी मोहब्बतें",""
"iwl2_1788802120377_ud1gd","Fatimah Malkani","malkanifatimah@gmail.com","9004786714","poetry","599","full_submission","2026-09-07T19:15:34.638546Z","2026-09-07T19:15:33.906Z","Yes","","Almost a Star"
"iwl2_1788850848232_26wce","Sneha H","snehaghegde@gmail.com","7348878005","poetry","2","partial_submission","2026-09-08T07:22:18.458534Z","2026-09-08T07:22:18.025Z","Yes","Stepping onto the Trodden Road",""
"iwl2_1788882829628_h6ph5","Silentsonnet_29","Mendirattaprachi29@gmail.com","8295181750","poetry","2","partial_submission","2026-09-08T16:05:53.668614Z","2026-09-08T16:05:51.613Z","Yes","Nafrat ka mahal",""
"iwl2_1788884334675_85lo3","Mukeshaala ","mukeshaala@gmail.com","9998284680","novel","2","partial_submission","2026-09-15T10:54:25.608563Z","2026-09-15T10:54:23.293Z","Yes","MOTHER LAND",""
"iwl2_1788885173993_zctff","Hrisha Jain","hrishajain1421@gmail.com","9076201032","poetry","2","partial_submission","2026-09-08T16:41:42.067675Z","2026-09-08T16:41:41.667Z","Yes","Radha-The Art of Waiting",""
"iwl2_1788901816217_vhok5","Amrita Anand","anandamrita368@gmail.com","8271107466","poetry","2","partial_submission","2026-09-08T21:17:44.376499Z","2026-09-08T21:17:42.811Z","Yes","Promise",""
"iwl2_1788955514394_l08z4","Bhumika Yadav","ybhumika053@gmail.com","9981606009","poetry","399","complete","2026-09-09T12:07:18.947532Z","2026-09-09T12:07:16.432Z","Yes","“मोहब्बत, जो तुझे आज़ाद रखे”",""
"iwl2_1788956951598_67jtn","MIRA JANANI VENKATESH","mirajanani1511@gmail.com","8608051560","poetry","2","partial_submission","2026-09-11T05:20:33.024759Z","2026-09-11T05:20:32.650Z","Yes","My mother, My mother",""
"iwl2_1788966051371_uxhn0","Taiba Baig ","taibabaig18@gmail.com","7417420780","short_story","2","partial_submission","2026-09-09T15:04:29.674969Z","2026-09-09T15:04:28.179Z","Yes","عمل",""
"iwl2_1788995871160_6452y","Dr. Aayushi Joshi","aayujoshi2000@gmail.com","8954029092","novel","2","partial_submission","2026-09-09T23:49:39.491820Z","2026-09-09T23:49:39.047Z","Yes","The Country I Left Twice - A Memoir Of Ukraine Russia War",""
"iwl2_1789194213512_i2zo8","Sudiksha","nirmalasudiksha@gmail.com","7871739000","poetry","2","partial_submission","2026-09-12T06:25:53.276478Z","2026-09-12T06:25:53.002Z","Yes","To choose!",""
"iwl2_1789311702519_mmrbi","Maria Ibji","maruibji@gmail.com","9987412340","poetry","2","partial_submission","2026-09-13T15:05:03.000874Z","2026-09-13T15:05:02.523Z","Yes","Where will they live?",""
"iwl2_1790018283599_ckn0h","RATNESH KUMAR SINGH","bluehorizonwlw@gmail.com","7903874815","novel","2","partial_submission","2026-09-21T19:34:47.641540Z","2026-09-21T19:34:46.774Z","Yes","When a Straight Girl Falls in Love with a",""