Order ID,Name,Email,WhatsApp,Address,City,State,Pincode,Quantity,Status,Amount
margins_1785079919057_1rpw5,"Dr. Biplab Chowdhury ","biplab.journalist@gmail.com","8334907123","ANANDALOK-II, BLOCK-B, 2ND FLOOR, FLAT NO : A/3, 10, THAKURDAS BANERJEE ROAD, BELGHARIA, KOLKATA-700 056. (NEAR POWER HOUSE, BESIDE LANE OF INDANE GAS SHOP AND GHOSH CLINIC) ","Kolkata","West Bengal","700056",1,PAID,385
margins_1785077850061_7jcth,"Sumayya.P.M","Sumayyasumi2020@gmail.com","6235139892","Sumayya.PM
Golden Beauty care galaxy road kanimangalam p.o ,Thrissur
Pin  680027","Thrissur","Kerala","680027",1,PAID,484
margins_1785077760430_03thy,"Sumayya.P.M","Sumayyasumi2020@gmail.com","6235139892","Sumayya.PM
Golden Beauty care galaxy road kanimangalam p.o ,Thrissur
Pin  680027","Thrissur","Kerala","680027",1,ACTIVE,484
margins_1785072755179_txol0,"Ashok Bhandari","bhandari566@gmail.com","9877710996","House number 252/15B tehsil mohala Dhuri
Backside old tehsil","Dhuri","Punjab","148024",1,PAID,484
margins_1785072740413_ecutm,"Gargi Sidana","sidanagargi@gmail.com","7877326661","D 258A, Bani park, Devi Marg","Jaipur","Rajasthan","302016",1,PAID,385
margins_1785054458832_6eexj,"Aritra Banerjee ","aritra.banerjee2002@gmail.com","8910162368","1395 Talpukur Road, Near Amrakajon Club, Power House More, Naihati, North 24 Parganas","Naihati","West Bengal","743165",1,PAID,484
margins_1785051081183_mwwn8,"Dr Ekta Priya","ektapriya@gmail.com","8886333247","Plot no 63 , Street no 10
Raghav kalyan Estates, yapral
Near DYR Function hall, sainikpuri","Secunderabad","Telangana","500087",1,PAID,484
margins_1785050542304_rh6pe,"Snehal Deepak Khivasara","snehal.k@khivasara.com","9881745290","A2-102, Kohinoor Estate, Mula Road, Behind Kamalnayan Bajaj Garden, Khadki","Pune","Maharashtra","411003",1,PAID,484
margins_1785050139420_c9gu7,"Shibi A R","shajishibi01@gmail.com","9895693692","Vadakkedath
Chemmalapady
Vilangu P O
Ernakulam. 683561
Kerala","Vilangu","Kerala","683561",1,PAID,385
