Name,Email,Phone,Age,Tier,Amount,Payment Status,Registered At
"Priyam Chetna Chetan Dave","dave.priyam4@gmail.com","7600480605","31","1_entry","249","PENDING","2026-09-22T14:53:49.590Z"
"MAVISH MUSHTAQ ","mavishmushtaq132@gmail.com","6006830641","22","1_entry","249","PENDING","2026-09-21T07:37:37.889Z"
"Sanket Bal","asinobal812@gmail.com","6372003198","22","1_entry","249","PENDING","2026-09-26T14:57:36.878Z"
"Nandini Chauhan","nandinichauhan2611@gmail.com","7060221555","20","1_entry","249","PENDING","2026-09-20T16:12:27.144Z"
"Babulol","babulol@gmail.com","9421315484","34","1_entry","1","PENDING","2026-09-09T11:25:19.595Z"
"Sayali Gurnule ","sayaligurnule10@gmail.com","9881393234","18","1_entry","249","PENDING","2026-09-22T15:16:57.239Z"
"Ritu Goyal","ritug5271@gmail.com","6289318558","26","1_entry","249","PENDING","2026-09-20T17:01:28.706Z"
"Mavish Mushtaq","mavishmushtaq131@gmail.com","6006830641","22","1_entry","249","PENDING","2026-09-22T09:33:07.302Z"
"R.J.Santhosh Kumar ","rjsanthoshkumar@gmail.com","9789652775","52","1_entry","249","PENDING","2026-09-25T11:46:07.134Z"
"Neer","tiwarisamarth87@gmail.com","7841076220","20","1_entry","249","PENDING","2026-09-15T16:19:39.911Z"
"Babita Rani","ranirajbabita@gmail.com","9815455022","55","1_entry","249","PENDING","2026-09-21T06:23:06.589Z"
"Dipanwita Dey","deydipanwita2014@gmail.com","8617607589","30","2_entries","299","PENDING","2026-09-29T15:39:36.064Z"
"Ritu Goyal","ritugoyalnghss@gmail.com","6289318558","26","1_entry","249","PENDING","2026-09-21T17:32:12.014Z"
"Adeep bansal","abansal13484@dalycollege.org","9111735200","13","1_entry","249","PENDING","2026-09-26T16:46:13.001Z"
"Baani Sewak","baanisewak@icloud.com","7009254760","14","1_entry","249","PENDING","2026-09-30T15:06:28.639Z"
"Shamaya Srivastava","shamayasrivastava@gmail.com","9326941725","18","1_entry","249","PENDING","2026-09-25T14:50:29.641Z"
"googl","googl@gmail.com","8282838383","32","1_entry","249","PENDING","2026-09-15T16:09:43.609Z"
"Kamala","kamala067533@gmail.com","8489370522","16","1_entry","249","PENDING","2026-09-26T02:03:07.743Z"
"Badar sultana","mintchocolate394@gmail.com","9705751979","38","2_entries","299","PENDING","2026-09-26T14:41:59.651Z"
"Ayesha Zuber Memon","memonayeshazuber@gmail.com","9638307386","16","1_entry","249","PENDING","2026-09-26T18:01:25.086Z"
"Tanay Bhushan Desai ","tanaydesai770@gmail.com","9175679162","21","2_entries","299","PENDING","2026-09-25T15:57:56.195Z"
"Gargi Chinchole","chincholegargi2204@gmail.com","9619959400","18","1_entry","249","PENDING","2026-09-26T14:34:18.939Z"
"Manjunath J","manjudandin27@gmail.com","8951881150","50","2_entries","299","PENDING","2026-09-29T15:41:03.668Z"
"Shivani Anvekar","baleshivani7@gmail.com","8788835896","26","1_entry","249","PENDING","2026-09-25T14:54:44.361Z"
"Samriddhi Luthra","luthrasamriddhi@gmail.com","9120118901","17","2_entries","299","PENDING","2026-09-26T14:34:23.393Z"
"Kiran Dhaware","kirandh22j@gmail.com","7774049093","36","2_entries","299","PENDING","2026-09-15T17:08:31.736Z"
"Sugitha SE","sesusugitha@gmail.com","9597207421","30","2_entries","299","PENDING","2026-09-15T16:23:07.627Z"
"Bale chandreshwar","balechandreshwar3@gmail.com","8010409852","69","1_entry","249","PENDING","2026-09-25T14:42:07.076Z"
"Isha Arora ","ishasam888@gmail.com","7567330335","40","2_entries","299","PENDING","2026-09-22T16:03:07.969Z"